minute,edit_count,bot_count,unique_editors,top_page,top_page_share
2026-10-04 04:29:00+00:00,156,65,70,User talk:Adflatuss,0.032
2026-10-04 04:30:00+00:00,139,63,70,1800 Kentucky gubernatorial election,0.007
2026-10-04 04:31:00+00:00,140,67,63,List of Jewish LGBTQ organizations,0.021
2026-10-04 04:32:00+00:00,145,67,64,List of Jewish LGBTQ organizations,0.014
2026-10-04 04:33:00+00:00,146,72,57,True Lies (The Vampire Diaries),0.034
2026-10-04 04:34:00+00:00,196,82,70,True Lies (The Vampire Diaries),0.02
2026-10-04 04:35:00+00:00,170,79,55,True Lies (The Vampire Diaries),0.029
2026-10-04 04:36:00+00:00,160,79,50,2026 French lycée protests,0.012
2026-10-04 04:37:00+00:00,172,72,60,Fraser Horsfall,0.012
2026-10-04 04:38:00+00:00,160,77,72,2026 World Athletics Road Running Championships,0.012
2026-10-04 04:39:00+00:00,127,76,50,Lucifer Rising (Baddeley book),0.016
2026-10-04 04:40:00+00:00,150,81,63,Draft:Sint Joris Bay,0.013
2026-10-04 04:41:00+00:00,159,75,64,Bambang Santoso,0.013
2026-10-04 04:42:00+00:00,168,68,64,2026 Prestige Hotels & Resorts Curling Classic,0.012
2026-10-04 04:43:00+00:00,149,59,56,List of Saiyuki characters,0.02
2026-10-04 04:44:00+00:00,183,65,76,Qutb Minar complex,0.011
2026-10-04 04:45:00+00:00,164,68,70,Category:NMDA receptors,0.012
2026-10-04 04:46:00+00:00,152,66,70,Mark Bako Useni,0.013
2026-10-04 04:47:00+00:00,132,67,61,Flint (Native American mythology),0.015
2026-10-04 04:48:00+00:00,145,67,66,Category:Kainate receptors,0.014
2026-10-04 04:49:00+00:00,116,62,44,Shelley Sullivan,0.026
2026-10-04 04:50:00+00:00,128,66,57,Aleksandar Mirković,0.016
2026-10-04 04:51:00+00:00,136,64,56,1967 Madras State Legislative Assembly election,0.007
2026-10-04 04:52:00+00:00,164,68,61,Civilian casualty ratio,0.012
2026-10-04 04:53:00+00:00,136,68,52,Luna Snow,0.015
2026-10-04 04:54:00+00:00,135,67,61,2026–27 Irani Cup,0.015
2026-10-04 04:55:00+00:00,137,65,69,Thomas Griffin (Australian gold commissioner),0.015
2026-10-04 04:56:00+00:00,120,57,51,Mohan Yadav,0.017
2026-10-04 04:57:00+00:00,144,65,72,David Milstein (advisor),0.014
2026-10-04 04:58:00+00:00,135,63,62,Draft:1931 Australian Senate election,0.015
2026-10-04 04:59:00+00:00,116,45,57,Buskerfest,0.017
2026-10-04 05:00:00+00:00,98,45,53,Jonathan Majors,0.02
2026-10-04 05:01:00+00:00,135,38,67,National Cricket Academy,0.015
2026-10-04 05:02:00+00:00,106,36,56,"Echo, Utah",0.019
2026-10-04 05:03:00+00:00,122,41,64,Candidates of the 2026 British Columbia general election,0.016
2026-10-04 05:04:00+00:00,124,34,66,India women's national field hockey team results (2020–2025),0.016
2026-10-04 05:05:00+00:00,106,35,61,"Artem Kontsevoy (footballer, born 1999)",0.019
2026-10-04 05:06:00+00:00,121,38,69,India women's national field hockey team results (2020–2025),0.017
2026-10-04 05:07:00+00:00,133,39,76,"Echo, Utah",0.015
2026-10-04 05:08:00+00:00,131,40,69,Michael Frayn,0.023
2026-10-04 05:09:00+00:00,136,40,76,Héctor Valdivielso Sáez,0.015
2026-10-04 05:10:00+00:00,117,38,61,2026 Milwaukee Brewers season,0.017
2026-10-04 05:11:00+00:00,114,41,62,2026 Prestige Hotels & Resorts Curling Classic,0.018
2026-10-04 05:12:00+00:00,113,33,68,TRPP,0.018
2026-10-04 05:13:00+00:00,112,33,71,Talk:Cross-strait relations,0.018
2026-10-04 05:14:00+00:00,119,36,68,Just Us Books,0.025
2026-10-04 05:15:00+00:00,142,36,75,37th Awit Awards,0.014
2026-10-04 05:16:00+00:00,146,35,72,Marie-Josée Kravis,0.014
2026-10-04 05:17:00+00:00,114,31,66,User:Bradlake14/SportsBuilder.json,0.026
2026-10-04 05:18:00+00:00,100,29,56,Elisa Rae Shupe,0.02
2026-10-04 05:19:00+00:00,132,36,62,User:Bradlake14/SportsBuilder.json,0.023
2026-10-04 05:20:00+00:00,128,34,65,User:Bradlake14/SportsBuilder.json,0.023
2026-10-04 05:21:00+00:00,128,35,61,User:Bradlake14/SportsBuilder.json,0.023
2026-10-04 05:22:00+00:00,153,31,65,"El Nido, Merced County, California",0.013
2026-10-04 05:23:00+00:00,149,38,65,Robert Henry Dyer,0.02
2026-10-04 05:24:00+00:00,134,35,69,List of Jewish LGBTQ organizations,0.015
2026-10-04 05:25:00+00:00,129,41,62,Wikipedia:New pages patrol/Reports/Autopatrol,0.016
2026-10-04 05:26:00+00:00,128,33,56,Dead Meat (YouTube channel),0.016
2026-10-04 05:27:00+00:00,127,33,66,Kayleigh van Dooren,0.016
2026-10-04 05:28:00+00:00,150,37,60,Talk:The Pool of Arches,0.02
2026-10-04 05:29:00+00:00,128,37,60,2026 Prestige Hotels & Resorts Curling Classic,0.016
2026-10-04 05:30:00+00:00,136,42,62,Arizona Center,0.015
2026-10-04 05:31:00+00:00,102,37,55,Economy of Florida,0.02
2026-10-04 05:32:00+00:00,87,31,49,Draft:Dheeraj Awaan Bajaj,0.023
2026-10-04 05:33:00+00:00,94,37,54,Category:Cys-loop receptor superfamily,0.021
2026-10-04 05:34:00+00:00,113,41,68,User:AnjiangMualim/sandbox,0.027
2026-10-04 05:35:00+00:00,90,32,53,2026 GT World Challenge Europe Sprint Cup,0.011
2026-10-04 05:36:00+00:00,95,31,59,2026 TCU Horned Frogs football team,0.021
2026-10-04 05:37:00+00:00,100,31,60,Marvin Kirchhöfer,0.02
2026-10-04 05:38:00+00:00,96,33,62,Alirtek Union,0.021
2026-10-04 05:39:00+00:00,91,38,54,List of programs broadcast by TelevisaUnivision networks,0.022
2026-10-04 05:40:00+00:00,110,52,51,Ayali (2025 TV series),0.027
2026-10-04 05:41:00+00:00,103,28,69,Documentary hypothesis,0.019
2026-10-04 05:42:00+00:00,82,19,57,Albert Aftalion,0.024
2026-10-04 05:43:00+00:00,89,32,57,2026 UCF Knights football team,0.022
2026-10-04 05:44:00+00:00,82,32,40,2026–27 Pittsburgh Penguins season,0.024
2026-10-04 05:45:00+00:00,114,34,69,Annie Kriegel,0.018
2026-10-04 05:46:00+00:00,95,31,49,Annie Kriegel,0.021
2026-10-04 05:47:00+00:00,108,41,52,Japanese motorcycle Grand Prix,0.028
2026-10-04 05:48:00+00:00,98,34,49,Sass Jordan,0.02
2026-10-04 05:49:00+00:00,110,36,66,Template:Cratstats,0.018
2026-10-04 05:50:00+00:00,98,35,55,Denis Ten Memorial Challenge,0.02
2026-10-04 05:51:00+00:00,99,33,56,Sixth & I Historic Synagogue,0.02
2026-10-04 05:52:00+00:00,108,37,57,Denis Ten Memorial Challenge,0.019
2026-10-04 05:53:00+00:00,86,32,53,Abdul Kadir (footballer),0.023
2026-10-04 05:54:00+00:00,95,33,54,Madeline Lee (actress),0.021
2026-10-04 05:55:00+00:00,95,35,51,Edvard Tchivzhel,0.021
2026-10-04 05:56:00+00:00,106,43,56,1969 Copa Interamericana,0.019
2026-10-04 05:57:00+00:00,106,45,49,Draft:Sonusaini,0.028
2026-10-04 05:58:00+00:00,101,42,50,1889–90 Newton Heath LYR F.C. season,0.01
2026-10-04 05:59:00+00:00,106,47,54,Jérémy Oyono,0.019
2026-10-04 06:00:00+00:00,111,55,58,User:Navops47/draft/Tennessee Valley Open Championship,0.018
2026-10-04 06:01:00+00:00,100,35,58,Malaysia Federal Route 500,0.02
2026-10-04 06:02:00+00:00,108,38,62,Bansanka,0.019
2026-10-04 06:03:00+00:00,91,39,45,Marinko Magda,0.022
2026-10-04 06:04:00+00:00,88,29,52,2026 Suzhou Open,0.023
2026-10-04 06:05:00+00:00,107,31,70,1894–95 Newton Heath F.C. season,0.009
2026-10-04 06:06:00+00:00,90,31,48,ASEAN Headquarters,0.022
2026-10-04 06:07:00+00:00,89,31,46,Indexer (programming),0.022
2026-10-04 06:08:00+00:00,106,41,59,2026–27 New Jersey Devils season,0.019
2026-10-04 06:09:00+00:00,110,31,65,2025 Virginia Tech Hokies football team,0.018
2026-10-04 06:10:00+00:00,100,30,60,Almoez Ali,0.02
2026-10-04 06:11:00+00:00,102,33,59,Talk:Sass Jordan,0.02
2026-10-04 06:12:00+00:00,105,32,61,Battle of Khanaqin (1775),0.029
2026-10-04 06:13:00+00:00,174,30,51,Draft:S. S. Manyam,0.011
2026-10-04 06:14:00+00:00,96,36,44,Fifty pence (Irish coin),0.021
2026-10-04 06:15:00+00:00,95,38,54,1906–07 Manchester United F.C. season,0.011
2026-10-04 06:16:00+00:00,167,35,45,1907–08 Manchester United F.C. season,0.006
2026-10-04 06:17:00+00:00,145,35,57,Glycerol kinase,0.014
2026-10-04 06:18:00+00:00,110,35,51,2026 Pacific typhoon season,0.018
2026-10-04 06:19:00+00:00,94,32,56,Bansanka,0.021
2026-10-04 06:20:00+00:00,91,38,50,Kristin Forbes,0.022
2026-10-04 06:21:00+00:00,92,28,52,Draft:South San Francisco City Council,0.022
2026-10-04 06:22:00+00:00,95,37,46,Singeetham Srinivasa Rao,0.021
2026-10-04 06:23:00+00:00,78,35,44,1995 Okinawa rape incident,0.013
2026-10-04 06:24:00+00:00,93,39,54,1948 South African general election,0.011
2026-10-04 06:25:00+00:00,103,36,59,Alessandro Rossi (bishop of Parma),0.019
2026-10-04 06:26:00+00:00,84,33,44,Gregg Bishop,0.024
2026-10-04 06:27:00+00:00,103,29,63,2026 China Open – Women's singles,0.019
2026-10-04 06:28:00+00:00,102,35,58,Amplified placebo effect,0.02
2026-10-04 06:29:00+00:00,96,36,48,Gran Alegria,0.021
2026-10-04 06:30:00+00:00,101,41,54,Fabrice Arfi,0.02
2026-10-04 06:31:00+00:00,85,32,46,User talk:Rkott,0.024
2026-10-04 06:32:00+00:00,89,35,49,Wikipedia:AI noticeboard/2026-09-25 Vncdengc,0.034
2026-10-04 06:33:00+00:00,97,33,53,Alessandro Rossi (Captain Regent),0.021
2026-10-04 06:34:00+00:00,120,42,70,User:Obenfx,0.033
2026-10-04 06:35:00+00:00,110,33,68,Payam Venkateswarlu,0.018
2026-10-04 06:36:00+00:00,103,31,63,Gaytán,0.019
2026-10-04 06:37:00+00:00,120,34,71,2024 Cornell University rape allegations,0.017
2026-10-04 06:38:00+00:00,99,31,53,Category:Voltage-gated calcium channels,0.02
2026-10-04 06:39:00+00:00,100,31,58,Tropical cyclones in 2026,0.02
2026-10-04 06:40:00+00:00,110,40,63,Amos Food,0.018
2026-10-04 06:41:00+00:00,99,32,55,Alessandro Pesenti-Rossi,0.02
2026-10-04 06:42:00+00:00,115,43,63,1919–20 Nemzeti Bajnokság II,0.009
2026-10-04 06:43:00+00:00,98,39,56,Wikipedia:Administrator intervention against vandalism,0.02
2026-10-04 06:44:00+00:00,102,36,58,Pepperdine University,0.029
2026-10-04 06:45:00+00:00,111,47,59,Pepperdine University,0.027
2026-10-04 06:46:00+00:00,121,59,57,Chemakum people,0.017
2026-10-04 06:47:00+00:00,135,58,67,Cistierna,0.015
2026-10-04 06:48:00+00:00,125,43,71,Alex Rossi (footballer),0.016
2026-10-04 06:49:00+00:00,118,57,55,Wikipedia:New pages patrol/Reports/Easy reviews,0.051
2026-10-04 06:50:00+00:00,136,58,63,Bishan MRT tunnel flooding,0.022
2026-10-04 06:51:00+00:00,116,61,54,Castlevania: Belmont's Curse,0.017
2026-10-04 06:52:00+00:00,127,54,62,Pepperdine University,0.024
2026-10-04 06:53:00+00:00,125,52,62,Alex Rossi (rower),0.016
2026-10-04 06:54:00+00:00,116,59,45,Alicia Bárcena,0.017
2026-10-04 06:55:00+00:00,115,54,53,2025 Mississippi State Bulldogs football team,0.009
2026-10-04 06:56:00+00:00,125,57,61,Samaritanism,0.016
2026-10-04 06:57:00+00:00,136,58,67,2026–27 Irani Cup,0.015
2026-10-04 06:58:00+00:00,142,66,62,Alfredo Rossi Vezzani,0.014
2026-10-04 06:59:00+00:00,128,49,59,Henson Tsai,0.023
2026-10-04 07:00:00+00:00,149,67,75,2026–27 Irani Cup,0.013
2026-10-04 07:01:00+00:00,135,57,57,Talk:Love,0.052
2026-10-04 07:02:00+00:00,130,48,63,Talk:Love,0.031
2026-10-04 07:03:00+00:00,114,63,51,Bharatiya Janata Yuva Morcha,0.018
2026-10-04 07:04:00+00:00,108,62,44,Anirudh Ravichander discography,0.019
2026-10-04 07:05:00+00:00,119,63,54,Andrea Rossi (entrepreneur),0.017
2026-10-04 07:06:00+00:00,217,85,59,2026 Telangana local elections,0.009
2026-10-04 07:07:00+00:00,270,115,57,Deaths in March 2025,0.007
2026-10-04 07:08:00+00:00,326,123,67,2026 Bahrain Grand Prix,0.006
2026-10-04 07:09:00+00:00,366,115,62,Akram Afif,0.005
2026-10-04 07:10:00+00:00,367,142,61,User:Issan Sumisu/sandbox3,0.005
2026-10-04 07:11:00+00:00,138,63,52,Pepperdine University,0.022
2026-10-04 07:12:00+00:00,122,58,56,Pepperdine University,0.025
2026-10-04 07:13:00+00:00,114,58,51,Dhanush filmography,0.018
2026-10-04 07:14:00+00:00,122,58,54,Junaid Afzal Sahi,0.016
2026-10-04 07:15:00+00:00,109,65,46,Sakalakala Sammanthi,0.018
2026-10-04 07:16:00+00:00,128,68,63,User talk:Minihaa/Test,0.016
2026-10-04 07:17:00+00:00,135,68,67,Bengal,0.015
2026-10-04 07:18:00+00:00,150,93,56,Wikipedia:Requests for page protection/Increase,0.02
2026-10-04 07:19:00+00:00,131,78,49,Skydance Corporation,0.023
2026-10-04 07:20:00+00:00,118,62,54,Jingshan Tennis Open,0.017
2026-10-04 07:21:00+00:00,146,90,55,Draft:The Skin of Others (film),0.021
2026-10-04 07:22:00+00:00,135,94,44,Pierre Vogel,0.015
2026-10-04 07:23:00+00:00,145,86,51,Fenerbahçe S.K. (women's football),0.014
2026-10-04 07:24:00+00:00,176,94,69,2026 China Open – Women's singles,0.011
2026-10-04 07:25:00+00:00,159,95,64,Brad Booth,0.013
2026-10-04 07:26:00+00:00,153,87,55,Brad Booth,0.013
2026-10-04 07:27:00+00:00,146,88,54,Wikipedia:Administrator intervention against vandalism,0.021
2026-10-04 07:28:00+00:00,161,87,65,Talk:Atomic car,0.019
2026-10-04 07:29:00+00:00,152,85,59,Cruiser tank,0.013
2026-10-04 07:30:00+00:00,163,105,59,2011 Wimbledon Championships,0.006
2026-10-04 07:31:00+00:00,163,104,54,Isauria,0.012
2026-10-04 07:32:00+00:00,142,87,55,Jos Verstappen,0.014
2026-10-04 07:33:00+00:00,139,86,54,Brad Booth,0.014
2026-10-04 07:34:00+00:00,142,84,58,Skydance Corporation,0.014
2026-10-04 07:35:00+00:00,136,77,54,Brad Booth,0.015
2026-10-04 07:36:00+00:00,141,90,48,Azariah dei Rossi,0.014
2026-10-04 07:37:00+00:00,140,87,50,Azariah dei Rossi,0.014
2026-10-04 07:38:00+00:00,151,90,60,Azariah dei Rossi,0.013
2026-10-04 07:39:00+00:00,145,89,56,Brad Booth,0.014
2026-10-04 07:40:00+00:00,150,89,54,Ghulam Muhammad Ghobar,0.02
2026-10-04 07:41:00+00:00,153,90,64,Visa policy of Turkmenistan,0.013
2026-10-04 07:42:00+00:00,168,93,72,Grantown-on-Spey,0.012
2026-10-04 07:43:00+00:00,147,83,60,2026 Hawaii Rainbow Warriors football team,0.014
2026-10-04 07:44:00+00:00,142,69,62,2026 Hawaii Rainbow Warriors football team,0.021
2026-10-04 07:45:00+00:00,130,62,66,Template:PVL Best Foreign Players,0.015
2026-10-04 07:46:00+00:00,127,63,57,2026 Super League Kerala,0.016
2026-10-04 07:47:00+00:00,138,60,66,User:Fróis/Japanese WW2 propaganda,0.022
2026-10-04 07:48:00+00:00,125,64,55,Kevin Adams,0.016
2026-10-04 07:49:00+00:00,135,67,65,2026 Bahrain Grand Prix,0.015
2026-10-04 07:50:00+00:00,129,70,54,List of men's national association football teams,0.016
2026-10-04 07:51:00+00:00,113,63,49,2026–27 Burton Albion F.C. season,0.009
2026-10-04 07:52:00+00:00,125,65,61,Draft:South San Francisco City Council,0.016
2026-10-04 07:53:00+00:00,142,66,73,User:FrostyClark,0.021
2026-10-04 07:54:00+00:00,128,61,59,Antonov,0.016
2026-10-04 07:55:00+00:00,140,64,73,1900 Bethnal Green Borough Council election,0.007
2026-10-04 07:56:00+00:00,129,64,65,Economy of Iraq,0.016
2026-10-04 07:57:00+00:00,130,65,65,"La Perla, San Juan, Puerto Rico",0.015
2026-10-04 07:58:00+00:00,140,60,75,Draft:Thungday Khumi,0.014
2026-10-04 07:59:00+00:00,134,62,68,Jacynta Galabadaarachchi,0.022
2026-10-04 08:00:00+00:00,126,70,59,Megas Alexandros Orfani F.C.,0.016
2026-10-04 08:01:00+00:00,113,55,54,Alkan Air,0.018
2026-10-04 08:02:00+00:00,126,61,54,ASEB Sports Club,0.016
2026-10-04 08:03:00+00:00,126,61,61,Wikipedia:Administrators' noticeboard/Incidents,0.016
2026-10-04 08:04:00+00:00,128,61,60,Athletics at the 2025 Islamic Solidarity Games – Results,0.016
2026-10-04 08:05:00+00:00,119,65,49,Beau Dozier,0.017
2026-10-04 08:06:00+00:00,124,61,56,Randy Roach,0.016
2026-10-04 08:07:00+00:00,122,57,57,Draft:John saimora,0.016
2026-10-04 08:08:00+00:00,162,72,73,Amos Food,0.012
2026-10-04 08:09:00+00:00,135,68,59,Angela Stribling,0.022
2026-10-04 08:10:00+00:00,124,65,64,1982 Ethiopian–Somali Border War,0.008
2026-10-04 08:11:00+00:00,116,60,46,Ghulam Muhammad Ghobar,0.026
2026-10-04 08:12:00+00:00,137,69,61,Ravindra Bhavan-Mormugao Port Bridge,0.022
2026-10-04 08:13:00+00:00,113,60,50,Ravindra Bhavan-Mormugao Port Bridge,0.027
2026-10-04 08:14:00+00:00,130,70,63,10th Parliament of Zimbabwe,0.008
2026-10-04 08:15:00+00:00,125,67,56,2026–27 Irani Cup,0.024
2026-10-04 08:16:00+00:00,108,61,46,Dani Mo,0.019
2026-10-04 08:17:00+00:00,133,68,62,Ganoderma sinense,0.015
2026-10-04 08:18:00+00:00,118,72,51,2006 Wimbledon Championships,0.008
2026-10-04 08:19:00+00:00,130,63,63,England women's national under-17 football team,0.015
2026-10-04 08:20:00+00:00,131,63,66,Electric Chapel,0.015
2026-10-04 08:21:00+00:00,129,66,58,Amos Food,0.016
2026-10-04 08:22:00+00:00,131,55,57,Draft:Charles Louis Hinton,0.023
2026-10-04 08:23:00+00:00,141,73,63,List of primary schools in Northern Ireland,0.021
2026-10-04 08:24:00+00:00,137,88,51,United Methodist Church of the Resurrection,0.022
2026-10-04 08:25:00+00:00,151,86,66,1900 Bethnal Green Borough Council election,0.013
2026-10-04 08:26:00+00:00,124,77,51,Template:Cratstats,0.024
2026-10-04 08:27:00+00:00,124,74,51,2019 Campeonato Brasileiro Série B,0.016
2026-10-04 08:28:00+00:00,128,56,68,Devastations of Osorio,0.016
2026-10-04 08:29:00+00:00,143,64,68,Neil Riser,0.014
2026-10-04 08:30:00+00:00,138,66,63,Wikipedia:Wiki Ed/Leeward CC/Principles of Zoology - 54356 online (Fall 2026),0.029
2026-10-04 08:31:00+00:00,125,65,60,User:Inifinity xxxx/SPECIAL (manga),0.016
2026-10-04 08:32:00+00:00,121,60,62,Devastations of Osorio,0.017
2026-10-04 08:33:00+00:00,123,60,61,2026–27 Latvian–Estonian Basketball League,0.016
2026-10-04 08:34:00+00:00,125,64,61,Talk:LASER Airlines,0.016
2026-10-04 08:35:00+00:00,139,64,68,UAAP Season 89 basketball tournaments,0.022
2026-10-04 08:36:00+00:00,118,64,56,Wikipedia:Administrators' noticeboard/Incidents,0.017
2026-10-04 08:37:00+00:00,126,65,62,Hadiman,0.016
2026-10-04 08:38:00+00:00,129,60,64,Abdulkarim Darisi,0.016
2026-10-04 08:39:00+00:00,129,67,60,2026 Bahrain Grand Prix,0.016
2026-10-04 08:40:00+00:00,145,70,73,Anawal,0.014
2026-10-04 08:41:00+00:00,118,62,56,2024 Montenegrin municipal elections,0.017
2026-10-04 08:42:00+00:00,113,58,58,2010 United States Senate election in Nevada,0.009
2026-10-04 08:43:00+00:00,121,69,52,2026 Houston Cougars football team,0.017
2026-10-04 08:44:00+00:00,128,65,47,1970 United Kingdom general election in Northern Ireland,0.016
2026-10-04 08:45:00+00:00,135,68,63,User:Wee Willie Mitchell,0.015
2026-10-04 08:46:00+00:00,129,66,56,File:2026 Men's U23 NORCECA Pan American Cup.jpg,0.016
2026-10-04 08:47:00+00:00,126,62,55,Taizo Yoshida,0.032
2026-10-04 08:48:00+00:00,127,67,55,Taizo Yoshida,0.031
2026-10-04 08:49:00+00:00,108,61,45,Taizo Yoshida,0.028
2026-10-04 08:50:00+00:00,136,71,65,1544 in France,0.007
2026-10-04 08:51:00+00:00,115,69,50,List of companies of Ireland,0.017
2026-10-04 08:52:00+00:00,111,69,46,2026 Men's U23 NORCECA Pan American Cup,0.018
2026-10-04 08:53:00+00:00,123,63,56,User:CyberFox42/sandbox/Draft,0.024
2026-10-04 08:54:00+00:00,132,68,60,List of companies of Ireland,0.023
2026-10-04 08:55:00+00:00,159,74,75,User:CyberFox42/sandbox/Draft,0.044
2026-10-04 08:56:00+00:00,142,71,59,User:CyberFox42/sandbox/Draft,0.028
2026-10-04 08:57:00+00:00,135,73,60,User:CyberFox42/sandbox/Draft,0.052
2026-10-04 08:58:00+00:00,106,54,47,User:CyberFox42/sandbox/Draft,0.047
2026-10-04 08:59:00+00:00,120,50,60,User:CyberFox42/sandbox/Draft,0.067
2026-10-04 09:00:00+00:00,121,60,55,User:CyberFox42/sandbox/Draft,0.074
2026-10-04 09:01:00+00:00,120,58,56,User:CyberFox42/sandbox/Draft,0.075
2026-10-04 09:02:00+00:00,115,57,52,User:CyberFox42/sandbox/Draft,0.087
2026-10-04 09:03:00+00:00,126,61,61,User:CyberFox42/sandbox/Draft,0.048
2026-10-04 09:04:00+00:00,120,56,57,User:CyberFox42/sandbox/Draft,0.083
2026-10-04 09:05:00+00:00,113,57,52,User:CyberFox42/sandbox/Draft,0.088
2026-10-04 09:06:00+00:00,121,56,56,User:CyberFox42/sandbox/Draft,0.058
2026-10-04 09:07:00+00:00,120,57,55,User:CyberFox42/sandbox/Draft,0.075
2026-10-04 09:08:00+00:00,115,55,53,User:CyberFox42/sandbox/Draft,0.061
2026-10-04 09:09:00+00:00,124,62,59,User:CyberFox42/sandbox/Draft,0.073
2026-10-04 09:10:00+00:00,141,63,69,User:CyberFox42/sandbox/Draft,0.071
2026-10-04 09:11:00+00:00,139,53,51,User:CyberFox42/sandbox/Draft,0.065
2026-10-04 09:12:00+00:00,149,49,62,User:CyberFox42/sandbox/Draft,0.054
2026-10-04 09:13:00+00:00,115,53,54,User:CyberFox42/sandbox/Draft,0.061
2026-10-04 09:14:00+00:00,90,45,43,1000 Awesome Things,0.011
2026-10-04 09:15:00+00:00,142,56,42,Brad Marchand,0.014
2026-10-04 09:16:00+00:00,119,49,62,Medbourne,0.025
2026-10-04 09:17:00+00:00,114,53,52,2026 Bahrain Grand Prix,0.009
2026-10-04 09:18:00+00:00,124,55,62,Misaki Tanaka,0.032
2026-10-04 09:19:00+00:00,130,51,53,Misaki Tanaka,0.038
2026-10-04 09:20:00+00:00,110,55,46,Misaki Tanaka,0.045
2026-10-04 09:21:00+00:00,116,56,53,George Washington West,0.017
2026-10-04 09:22:00+00:00,115,53,53,2 Cheap Cars,0.009
2026-10-04 09:23:00+00:00,124,51,58,Brigg,0.016
2026-10-04 09:24:00+00:00,166,79,55,Copperfield College,0.012
2026-10-04 09:25:00+00:00,238,72,64,User:Bunnypranav/Reports,0.025
2026-10-04 09:26:00+00:00,202,52,58,Diocese of Udaipur,0.01
2026-10-04 09:27:00+00:00,121,54,61,Facundo Medina,0.017
2026-10-04 09:28:00+00:00,121,55,57,South Salt,0.017
2026-10-04 09:29:00+00:00,117,49,58,Wikipedia:Redirects for discussion/Log/2026 October 4,0.017
2026-10-04 09:30:00+00:00,121,59,64,Cairo,0.017
2026-10-04 09:31:00+00:00,115,56,52,Boston Avenue Methodist Church,0.017
2026-10-04 09:32:00+00:00,123,51,60,Grigory Berezkin,0.016
2026-10-04 09:33:00+00:00,132,54,66,Kwon Hyeok-soo (voice actor),0.015
2026-10-04 09:34:00+00:00,138,53,76,Girolamo Starace,0.022
2026-10-04 09:35:00+00:00,111,50,50,Kwon Hyeok-soo (voice actor),0.027
2026-10-04 09:36:00+00:00,122,46,68,Kwon Hyeok-soo (voice actor),0.025
2026-10-04 09:37:00+00:00,138,56,69,Kwon Hyeok-soo (voice actor),0.022
2026-10-04 09:38:00+00:00,125,53,63,User talk:~2026-53224-41,0.024
2026-10-04 09:39:00+00:00,122,60,59,Agustín Giay,0.016
2026-10-04 09:40:00+00:00,117,54,59,User:Wee Willie Mitchell,0.017
2026-10-04 09:41:00+00:00,126,57,64,Culture of Rajasthan,0.016
2026-10-04 09:42:00+00:00,121,51,64,Kurumi Ito,0.033
2026-10-04 09:43:00+00:00,149,60,83,Kurumi Ito,0.02
2026-10-04 09:44:00+00:00,126,55,65,Avidyā,0.016
2026-10-04 09:45:00+00:00,118,47,67,Kwon Hyeok-soo (voice actor),0.025
2026-10-04 09:46:00+00:00,87,28,54,Action of 13 October 1796,0.023
2026-10-04 09:47:00+00:00,117,30,56,Kwon Hyeok-soo (voice actor),0.026
2026-10-04 09:48:00+00:00,105,31,51,Kwon Hyeok-soo (voice actor),0.019
2026-10-04 09:49:00+00:00,119,31,64,Kwon Hyeok-soo (voice actor),0.025
2026-10-04 09:50:00+00:00,119,31,64,User:CyberFox42/sandbox/Draft,0.059
2026-10-04 09:51:00+00:00,100,39,55,First Battle of Algeciras,0.02
2026-10-04 09:52:00+00:00,94,32,59,2027 Africa Cup of Nations qualification Group K,0.021
2026-10-04 09:53:00+00:00,92,30,57,2025 Milan–San Remo,0.011
2026-10-04 09:54:00+00:00,87,30,55,Voyah Taishan,0.023
2026-10-04 09:55:00+00:00,98,28,58,2026 Alexander Zverev tennis season,0.01
2026-10-04 09:56:00+00:00,126,27,57,Kwon Hyun-sang,0.016
2026-10-04 09:57:00+00:00,93,28,55,User:CyberFox42/sandbox/Draft,0.054
2026-10-04 09:58:00+00:00,109,28,62,User:CyberFox42/sandbox/Draft,0.101
2026-10-04 09:59:00+00:00,99,28,55,Bambang Kristiono,0.02
2026-10-04 10:00:00+00:00,110,34,66,User:CyberFox42/sandbox/Draft,0.073
2026-10-04 10:01:00+00:00,107,28,63,User:CyberFox42/sandbox/Draft,0.037
2026-10-04 10:02:00+00:00,144,27,78,Alan Rick,0.014
2026-10-04 10:03:00+00:00,129,33,63,Liber maiolichinus de gestis Pisanorum illustribus,0.016
2026-10-04 10:04:00+00:00,117,28,54,"155 Field Battery, Royal Artillery",0.009
2026-10-04 10:05:00+00:00,130,25,65,Kanta Umezawa,0.015
2026-10-04 10:06:00+00:00,125,33,58,Kanta Umezawa,0.032
2026-10-04 10:07:00+00:00,97,30,53,Kanta Umezawa,0.041
2026-10-04 10:08:00+00:00,119,38,69,User:CyberFox42/sandbox/Draft,0.05
2026-10-04 10:09:00+00:00,82,29,48,Category:Members of the Federal Senate (Brazil) for Acre (state),0.024
2026-10-04 10:10:00+00:00,108,35,67,Draft:Preeta Verma,0.019
2026-10-04 10:11:00+00:00,83,30,49,1916,0.012
2026-10-04 10:12:00+00:00,168,96,65,2026 NRL Grand Final,0.006
2026-10-04 10:13:00+00:00,114,23,74,Doraemon (2005 TV series),0.018
2026-10-04 10:14:00+00:00,97,25,51,Draft:Tymofii Zeniuk,0.021
2026-10-04 10:15:00+00:00,98,31,62,Kanta Umezawa,0.02
2026-10-04 10:16:00+00:00,103,28,57,User:CyberFox42/sandbox/Draft,0.039
2026-10-04 10:17:00+00:00,114,29,58,Mailza Gomes,0.018
2026-10-04 10:18:00+00:00,115,29,50,User:CyberFox42/sandbox/Draft,0.035
2026-10-04 10:19:00+00:00,112,28,61,User:CyberFox42/sandbox/Draft,0.036
2026-10-04 10:20:00+00:00,89,33,58,Wesley's Chapel,0.022
2026-10-04 10:21:00+00:00,124,24,66,User:CyberFox42/sandbox/Draft,0.073
2026-10-04 10:22:00+00:00,112,29,68,RBNS Al-Gurairiyah,0.036
2026-10-04 10:23:00+00:00,126,37,82,List of Formula One Grand Prix winners,0.024
2026-10-04 10:24:00+00:00,103,35,62,ENS Khaled Bin Elwaled,0.029
2026-10-04 10:25:00+00:00,147,49,76,2026 Bahrain Grand Prix,0.014
2026-10-04 10:26:00+00:00,104,31,55,Worship in Hinduism,0.029
2026-10-04 10:27:00+00:00,97,29,62,Galactic Agency,0.021
2026-10-04 10:28:00+00:00,90,25,58,RBNS Damsah,0.022
2026-10-04 10:29:00+00:00,104,31,63,Yuri Nakazato,0.029
2026-10-04 10:30:00+00:00,103,30,63,Yuri Nakazato,0.039
2026-10-04 10:31:00+00:00,114,27,72,User:CyberFox42/sandbox/Draft,0.053
2026-10-04 10:32:00+00:00,114,30,67,User:CyberFox42/sandbox/Draft,0.026
2026-10-04 10:33:00+00:00,121,28,81,RBNS Jenan,0.025
2026-10-04 10:34:00+00:00,100,25,57,RBNS Al-Sakeer,0.03
2026-10-04 10:35:00+00:00,98,28,61,ENS Salah El Den Ayoby,0.031
2026-10-04 10:36:00+00:00,108,29,60,User:XYZ 250706/sandbox4,0.019
2026-10-04 10:37:00+00:00,120,29,74,2026 NRL Grand Final,0.017
2026-10-04 10:38:00+00:00,97,27,61,2nd Screen Actors Guild Awards,0.021
2026-10-04 10:39:00+00:00,108,29,66,User:CyberFox42/sandbox/Draft,0.028
2026-10-04 10:40:00+00:00,111,33,74,User:CyberFox42/sandbox/Draft,0.036
2026-10-04 10:41:00+00:00,99,32,61,Gautam Bhatia (lawyer),0.02
2026-10-04 10:42:00+00:00,98,33,60,2026 Carlos Alcaraz tennis season,0.02
2026-10-04 10:43:00+00:00,105,32,65,Death of Michael Stewart,0.019
2026-10-04 10:44:00+00:00,95,29,54,"Draft:Wave City, Ghaziabad",0.021
2026-10-04 10:45:00+00:00,99,29,52,Nakhichevan Autonomous Soviet Socialist Republic,0.02
2026-10-04 10:46:00+00:00,98,30,66,Sakurako Ohashi,0.041
2026-10-04 10:47:00+00:00,111,26,75,Sakurako Ohashi,0.045
2026-10-04 10:48:00+00:00,102,28,66,82 G. Eridani,0.02
2026-10-04 10:49:00+00:00,105,31,70,Fashion Designer: Style Icon,0.019
2026-10-04 10:50:00+00:00,102,30,67,2026 Rugby League European Championships,0.02
2026-10-04 10:51:00+00:00,109,34,67,2026 European Road Championships,0.018
2026-10-04 10:52:00+00:00,97,29,63,Monumental brass,0.021
2026-10-04 10:53:00+00:00,92,26,57,2026 Carlos Alcaraz tennis season,0.022
2026-10-04 10:54:00+00:00,100,22,60,User talk:Vipulmotagroup,0.03
2026-10-04 10:55:00+00:00,116,25,66,2026 Latvian parliamentary election,0.017
2026-10-04 10:56:00+00:00,113,33,62,Funa Yanase,0.027
2026-10-04 10:57:00+00:00,103,29,67,Funa Yanase,0.049
2026-10-04 10:58:00+00:00,98,27,58,Funa Yanase,0.051
2026-10-04 10:59:00+00:00,98,29,61,List of George Washington University alumni,0.02
2026-10-04 11:00:00+00:00,141,39,84,Monumental brass,0.014
2026-10-04 11:01:00+00:00,107,28,72,2026–27 LKL season,0.019
2026-10-04 11:02:00+00:00,108,29,69,Bryce Pickford,0.019
2026-10-04 11:03:00+00:00,103,26,65,Hatchet (film),0.019
2026-10-04 11:04:00+00:00,105,32,66,1995 Air Saint-Martin Beechcraft 1900 crash,0.019
2026-10-04 11:05:00+00:00,91,27,53,Albert II of Monaco,0.022
2026-10-04 11:06:00+00:00,101,30,66,Kong: Survivor Instinct,0.02
2026-10-04 11:07:00+00:00,86,31,50,Megu Hamada,0.058
2026-10-04 11:08:00+00:00,93,31,54,Megu Hamada,0.054
2026-10-04 11:09:00+00:00,92,36,53,Megu Hamada,0.033
2026-10-04 11:10:00+00:00,89,36,52,SMS Baden (1880),0.022
2026-10-04 11:11:00+00:00,92,31,60,Institutions of Eminence,0.022
2026-10-04 11:12:00+00:00,104,26,69,2026 in South Korean music,0.019
2026-10-04 11:13:00+00:00,93,24,60,SMS Bayern (1878),0.032
2026-10-04 11:14:00+00:00,91,27,56,2026 World Judo Championships – Men's 60 kg,0.022
2026-10-04 11:15:00+00:00,88,31,60,2026 World Judo Championships – Men's 60 kg,0.023
2026-10-04 11:16:00+00:00,83,27,52,Ai Kuwahara,0.024
2026-10-04 11:17:00+00:00,96,26,62,Ai Kuwahara,0.052
2026-10-04 11:18:00+00:00,94,27,55,Ai Kuwahara,0.043
2026-10-04 11:19:00+00:00,96,30,60,Ai Kuwahara,0.031
2026-10-04 11:20:00+00:00,91,35,56,2026 Levante Open – Singles,0.022
2026-10-04 11:21:00+00:00,95,32,61,SMS Prinz Adalbert (1865),0.021
2026-10-04 11:22:00+00:00,100,32,59,2026 ATP Challenger Tour,0.02
2026-10-04 11:23:00+00:00,90,34,56,2026 Bahrain Grand Prix,0.011
2026-10-04 11:24:00+00:00,110,38,75,Bryce Pickford,0.018
2026-10-04 11:25:00+00:00,109,44,56,User:MPGuy2824/sandbox,0.064
2026-10-04 11:26:00+00:00,117,40,67,List of Indian films of 2025,0.017
2026-10-04 11:27:00+00:00,110,32,63,Flydubai Flight 1073,0.018
2026-10-04 11:28:00+00:00,107,36,59,Cailin Russo,0.019
2026-10-04 11:29:00+00:00,112,36,61,We'll Live and Die in These Towns (song),0.018
2026-10-04 11:30:00+00:00,114,45,68,Draft:Aimée Kwan,0.018
2026-10-04 11:31:00+00:00,123,37,74,Bhumika (film),0.016
2026-10-04 11:32:00+00:00,105,33,60,Bhumika (film),0.019
2026-10-04 11:33:00+00:00,103,35,64,Banana leaf,0.019
2026-10-04 11:34:00+00:00,106,37,53,Juri Ito,0.047
2026-10-04 11:35:00+00:00,117,38,66,Juri Ito,0.051
2026-10-04 11:36:00+00:00,120,41,60,Damascus goat,0.017
2026-10-04 11:37:00+00:00,114,36,66,2026 Bahrain Grand Prix,0.018
2026-10-04 11:38:00+00:00,100,37,60,1903 Bethnal Green Borough Council election,0.02
2026-10-04 11:39:00+00:00,120,36,73,Nostitz family,0.017
2026-10-04 11:40:00+00:00,103,40,58,2026 Sikkim Gold Cup,0.019
2026-10-04 11:41:00+00:00,106,35,66,Gosford Hospital,0.019
2026-10-04 11:42:00+00:00,109,39,63,2026–27 Cypriot First Division (women),0.018
2026-10-04 11:43:00+00:00,101,34,65,Edoba Omoregie,0.02
2026-10-04 11:44:00+00:00,106,34,71,2026 World Judo Championships – Men's 60 kg,0.019
2026-10-04 11:45:00+00:00,109,33,70,2026 Samsun Open – Women's singles,0.018
2026-10-04 11:46:00+00:00,105,27,69,60 Minutes season 59,0.019
2026-10-04 11:47:00+00:00,95,24,71,Ace Combat 8: Wings of Theve,0.021
2026-10-04 11:48:00+00:00,110,21,76,Gallaecimonas,0.027
2026-10-04 11:49:00+00:00,89,20,63,2026 World Judo Championships – Women's 48 kg,0.022
2026-10-04 11:50:00+00:00,102,19,75,2026 World Judo Championships – Women's 48 kg,0.02
2026-10-04 11:51:00+00:00,96,16,74,2026 World Judo Championships – Women's 48 kg,0.021
2026-10-04 11:52:00+00:00,78,14,65,Sophia Loren,0.026
2026-10-04 11:53:00+00:00,70,8,53,Draft talk:Aimée Kwan,0.043
2026-10-04 11:54:00+00:00,104,10,69,Draft talk:Aimée Kwan,0.029
2026-10-04 11:55:00+00:00,120,12,69,2026 in Malaysia,0.017
2026-10-04 11:56:00+00:00,125,9,66,User:CyberFox42/sandbox/Draft,0.072
2026-10-04 11:57:00+00:00,131,7,80,Abraham Lincoln,0.015
2026-10-04 11:58:00+00:00,107,6,66,Template:Municipalities in Salamanca,0.019
2026-10-04 11:59:00+00:00,116,7,66,Flydubai Flight 1073,0.017
2026-10-04 12:00:00+00:00,109,34,70,Sandy Xu,0.028
2026-10-04 12:01:00+00:00,94,17,61,&Asian,0.021
2026-10-04 12:02:00+00:00,122,17,89,2026 Kenge Let L-410 crash,0.016
2026-10-04 12:03:00+00:00,98,12,68,2026 Pacific typhoon season,0.02
2026-10-04 12:04:00+00:00,154,12,84,Power residue symbol,0.013
2026-10-04 12:05:00+00:00,146,13,78,2026 Bahrain Grand Prix,0.014
2026-10-04 12:06:00+00:00,128,9,85,Draft:Choddobeshi,0.016
2026-10-04 12:07:00+00:00,80,7,58,Draft:Alan C. McKinnon,0.025
2026-10-04 12:08:00+00:00,104,13,72,2026 Bahrain Grand Prix,0.019
2026-10-04 12:09:00+00:00,88,17,67,Draft:Choddobeshi,0.023
2026-10-04 12:10:00+00:00,97,21,62,1910 Auckland Rugby League season,0.01
2026-10-04 12:11:00+00:00,126,20,75,2026–27 Gokulam Kerala F.C. season,0.016
2026-10-04 12:12:00+00:00,130,25,84,Chaoui people,0.015
2026-10-04 12:13:00+00:00,110,24,81,Worship in Hinduism,0.018
2026-10-04 12:14:00+00:00,108,22,73,Bor (Tachov District),0.019
2026-10-04 12:15:00+00:00,121,23,72,CTBC Brothers,0.025
2026-10-04 12:16:00+00:00,96,22,71,Mio Shirakane,0.042
2026-10-04 12:17:00+00:00,100,23,69,Mio Shirakane,0.05
2026-10-04 12:18:00+00:00,110,25,73,Agbara Nla: The Return,0.027
2026-10-04 12:19:00+00:00,81,22,53,A Serbian Documentary,0.025
2026-10-04 12:20:00+00:00,110,28,79,A Serbian Documentary,0.018
2026-10-04 12:21:00+00:00,111,22,73,A Serbian Documentary,0.018
2026-10-04 12:22:00+00:00,127,28,79,Monster (Lady Gaga song),0.016
2026-10-04 12:23:00+00:00,93,28,60,Template:Did you know/Preparation area 2,0.022
2026-10-04 12:24:00+00:00,110,26,61,User:CyberFox42/sandbox/Draft,0.045
2026-10-04 12:25:00+00:00,126,33,73,Afak Relizane,0.016
2026-10-04 12:26:00+00:00,125,26,74,User:CyberFox42/sandbox/Draft,0.08
2026-10-04 12:27:00+00:00,127,23,70,User:CyberFox42/sandbox/Draft,0.079
2026-10-04 12:28:00+00:00,131,20,79,User:CyberFox42/sandbox/Draft,0.076
2026-10-04 12:29:00+00:00,144,20,82,User:CyberFox42/sandbox/Draft,0.062
2026-10-04 12:30:00+00:00,132,29,84,1910 Auckland Rugby League season,0.015
2026-10-04 12:31:00+00:00,118,22,79,Dexter Donation,0.017
2026-10-04 12:32:00+00:00,107,19,73,Starboy Charlie,0.028
2026-10-04 12:33:00+00:00,122,20,74,Football at the 2028 Summer Olympics – Men's qualification,0.025
2026-10-04 12:34:00+00:00,100,23,62,Draft:Soundstar Productions,0.02
2026-10-04 12:35:00+00:00,109,18,67,Hidetoshi Tokumochi,0.037
2026-10-04 12:36:00+00:00,100,17,67,Hidetoshi Tokumochi,0.04
2026-10-04 12:37:00+00:00,123,18,74,David Clifford,0.016
2026-10-04 12:38:00+00:00,128,21,75,User:CyberFox42/sandbox/Draft,0.031
2026-10-04 12:39:00+00:00,130,24,71,Beatriz Serrano,0.015
2026-10-04 12:40:00+00:00,135,23,79,User:CyberFox42/sandbox/Draft,0.037
2026-10-04 12:41:00+00:00,117,23,78,Michael Christensen (racing driver),0.017
2026-10-04 12:42:00+00:00,121,29,80,User:CyberFox42/sandbox/Draft,0.05
2026-10-04 12:43:00+00:00,133,26,72,User:CyberFox42/sandbox/Draft,0.083
2026-10-04 12:44:00+00:00,98,21,65,User:CyberFox42/sandbox/Draft,0.051
2026-10-04 12:45:00+00:00,89,25,62,Agrococcus,0.022
2026-10-04 12:46:00+00:00,94,20,61,User:CyberFox42/sandbox/Draft,0.032
2026-10-04 12:47:00+00:00,149,22,90,User:CyberFox42/sandbox/Draft,0.081
2026-10-04 12:48:00+00:00,140,23,82,User:CyberFox42/sandbox/Draft,0.071
2026-10-04 12:49:00+00:00,157,20,74,User:CyberFox42/sandbox/Draft,0.064
2026-10-04 12:50:00+00:00,133,23,66,User:CyberFox42/sandbox/Draft,0.083
2026-10-04 12:51:00+00:00,142,22,88,User:CyberFox42/sandbox/Draft,0.056
2026-10-04 12:52:00+00:00,124,25,72,User:CyberFox42/sandbox/Draft,0.056
2026-10-04 12:53:00+00:00,114,21,74,User:CyberFox42/sandbox/Draft,0.061
2026-10-04 12:54:00+00:00,147,19,81,User:CyberFox42/sandbox/Draft,0.061
2026-10-04 12:55:00+00:00,135,28,79,User:CyberFox42/sandbox/Draft,0.074
2026-10-04 12:56:00+00:00,132,22,72,User:CyberFox42/sandbox/Draft,0.076
2026-10-04 12:57:00+00:00,122,20,79,User:CyberFox42/sandbox/Draft,0.082
2026-10-04 12:58:00+00:00,139,23,67,User:CyberFox42/sandbox/Draft,0.058
2026-10-04 12:59:00+00:00,107,26,57,User:CyberFox42/sandbox/Draft,0.093
2026-10-04 13:00:00+00:00,129,35,78,User:CyberFox42/sandbox/Draft,0.078
2026-10-04 13:01:00+00:00,123,27,78,User:CyberFox42/sandbox/Draft,0.049
2026-10-04 13:02:00+00:00,120,28,72,Korňa,0.017
2026-10-04 13:03:00+00:00,120,20,73,G. J. Kinne,0.017
2026-10-04 13:04:00+00:00,155,26,82,Mangelia tranquilla,0.019
2026-10-04 13:05:00+00:00,105,20,67,Kaiya Ota,0.019
2026-10-04 13:06:00+00:00,118,24,69,Draft:Between Steps,0.017
2026-10-04 13:07:00+00:00,129,30,73,2026 Georgetown Hoyas football team,0.016
2026-10-04 13:08:00+00:00,99,26,62,Jammu and Kashmir cricket team,0.02
2026-10-04 13:09:00+00:00,103,26,65,SMS Meteor (1865),0.019
2026-10-04 13:10:00+00:00,137,28,72,American Enterprise Institute,0.015
2026-10-04 13:11:00+00:00,115,21,70,Mahalakshmi (Kannada actress),0.017
2026-10-04 13:12:00+00:00,103,25,73,2026 Elon Phoenix football team,0.019
2026-10-04 13:13:00+00:00,108,22,69,Veratraldehyde,0.019
2026-10-04 13:14:00+00:00,117,25,78,2026 Tennent's Sixes,0.026
2026-10-04 13:15:00+00:00,90,23,60,2026 Morgan State Bears football team,0.022
2026-10-04 13:16:00+00:00,94,26,61,2026 Tennent's Sixes,0.021
2026-10-04 13:17:00+00:00,114,23,79,2026 Dayton Flyers football team,0.018
2026-10-04 13:18:00+00:00,102,23,65,Kadary Richmond,0.02
2026-10-04 13:19:00+00:00,174,19,72,2026–27 Bury F.C. season,0.017
2026-10-04 13:20:00+00:00,115,29,79,Dodd,0.017
2026-10-04 13:21:00+00:00,94,24,68,Nani filmography,0.021
2026-10-04 13:22:00+00:00,98,20,66,Nobuhiro Suwa,0.031
2026-10-04 13:23:00+00:00,103,21,73,2026 Mercer Bears football team,0.019
2026-10-04 13:24:00+00:00,100,26,72,2026 North Dakota Fighting Hawks football team,0.02
2026-10-04 13:25:00+00:00,135,46,76,2026 Murray State Racers football team,0.015
2026-10-04 13:26:00+00:00,101,21,65,2026 Robert Morris Colonials football team,0.02
2026-10-04 13:27:00+00:00,104,20,72,Junaid Bostan,0.029
2026-10-04 13:28:00+00:00,110,25,65,2026 Ferrero Challenger – Doubles,0.018
2026-10-04 13:29:00+00:00,86,23,62,2026 Furman Paladins football team,0.023
2026-10-04 13:30:00+00:00,97,34,61,2026 Ohio Bobcats football team,0.021
2026-10-04 13:31:00+00:00,96,18,70,2026 Howard Bison football team,0.021
2026-10-04 13:32:00+00:00,97,20,61,2026 Hampton Pirates football team,0.021
2026-10-04 13:33:00+00:00,97,23,66,2026 Indiana State Sycamores football team,0.021
2026-10-04 13:34:00+00:00,106,25,75,Draft:WEAIR,0.019
2026-10-04 13:35:00+00:00,92,25,61,2026 Grambling State Tigers football team,0.022
2026-10-04 13:36:00+00:00,111,23,73,The Question Concerning Technology,0.018
2026-10-04 13:37:00+00:00,122,24,77,2026 Prairie View A&M Panthers football team,0.016
2026-10-04 13:38:00+00:00,114,25,72,User:Nahelm,0.018
2026-10-04 13:39:00+00:00,104,22,71,User talk:TenPoundHammer,0.029
2026-10-04 13:40:00+00:00,113,32,75,2026 Sacred Heart Pioneers football team,0.018
2026-10-04 13:41:00+00:00,93,20,64,2026 Albany Great Danes football team,0.022
2026-10-04 13:42:00+00:00,95,22,63,2026 Delaware State Hornets football team,0.021
2026-10-04 13:43:00+00:00,129,27,89,Wilfandel Club,0.016
2026-10-04 13:44:00+00:00,103,21,75,Alianza Femenina,0.019
2026-10-04 13:45:00+00:00,110,23,83,User talk:Kj1595,0.018
2026-10-04 13:46:00+00:00,98,22,74,2026 Holy Cross Crusaders football team,0.02
2026-10-04 13:47:00+00:00,105,27,64,2026 Chattanooga Mocs football team,0.019
2026-10-04 13:48:00+00:00,146,23,98,Immigration enforcement in Ohio,0.014
2026-10-04 13:49:00+00:00,109,20,78,Carol Sauvion,0.018
2026-10-04 13:50:00+00:00,122,25,67,2026 Northern Colorado Bears football team,0.016
2026-10-04 13:51:00+00:00,120,28,79,2026 Western Illinois Leathernecks football team,0.017
2026-10-04 13:52:00+00:00,114,22,82,2026 Tennessee State Tigers football team,0.018
2026-10-04 13:53:00+00:00,90,25,63,Rus Lindsay,0.033
2026-10-04 13:54:00+00:00,97,26,68,1977 Grand Prix motorcycle racing season,0.01
2026-10-04 13:55:00+00:00,4,1,4,2026 Davidson Wildcats football team,0.25
2026-10-04 13:56:00+00:00,0,0,0,,0.0
2026-10-04 13:57:00+00:00,0,0,0,,0.0
2026-10-04 13:58:00+00:00,0,0,0,,0.0
2026-10-04 13:59:00+00:00,0,0,0,,0.0
2026-10-04 14:00:00+00:00,0,0,0,,0.0
2026-10-04 14:01:00+00:00,0,0,0,,0.0
2026-10-04 14:02:00+00:00,0,0,0,,0.0
2026-10-04 14:03:00+00:00,0,0,0,,0.0
2026-10-04 14:04:00+00:00,0,0,0,,0.0
2026-10-04 14:05:00+00:00,0,0,0,,0.0
2026-10-04 14:06:00+00:00,0,0,0,,0.0
2026-10-04 14:07:00+00:00,0,0,0,,0.0
2026-10-04 14:08:00+00:00,0,0,0,,0.0
2026-10-04 14:09:00+00:00,0,0,0,,0.0
2026-10-04 14:10:00+00:00,0,0,0,,0.0
2026-10-04 14:11:00+00:00,0,0,0,,0.0
2026-10-04 14:12:00+00:00,0,0,0,,0.0
2026-10-04 14:13:00+00:00,0,0,0,,0.0
2026-10-04 14:14:00+00:00,0,0,0,,0.0
2026-10-04 14:15:00+00:00,0,0,0,,0.0
2026-10-04 14:16:00+00:00,0,0,0,,0.0
2026-10-04 14:17:00+00:00,0,0,0,,0.0
2026-10-04 14:18:00+00:00,0,0,0,,0.0
2026-10-04 14:19:00+00:00,0,0,0,,0.0
2026-10-04 14:20:00+00:00,0,0,0,,0.0
2026-10-04 14:21:00+00:00,0,0,0,,0.0
2026-10-04 14:22:00+00:00,0,0,0,,0.0
2026-10-04 14:23:00+00:00,0,0,0,,0.0
2026-10-04 14:24:00+00:00,0,0,0,,0.0
2026-10-04 14:25:00+00:00,0,0,0,,0.0
2026-10-04 14:26:00+00:00,0,0,0,,0.0
2026-10-04 14:27:00+00:00,0,0,0,,0.0
2026-10-04 14:28:00+00:00,0,0,0,,0.0
2026-10-04 14:29:00+00:00,0,0,0,,0.0
2026-10-04 14:30:00+00:00,0,0,0,,0.0
2026-10-04 14:31:00+00:00,0,0,0,,0.0
2026-10-04 14:32:00+00:00,0,0,0,,0.0
2026-10-04 14:33:00+00:00,0,0,0,,0.0
2026-10-04 14:34:00+00:00,0,0,0,,0.0
2026-10-04 14:35:00+00:00,0,0,0,,0.0
2026-10-04 14:36:00+00:00,0,0,0,,0.0
2026-10-04 14:37:00+00:00,0,0,0,,0.0
2026-10-04 14:38:00+00:00,0,0,0,,0.0
2026-10-04 14:39:00+00:00,0,0,0,,0.0
2026-10-04 14:40:00+00:00,0,0,0,,0.0
2026-10-04 14:41:00+00:00,0,0,0,,0.0
2026-10-04 14:42:00+00:00,0,0,0,,0.0
2026-10-04 14:43:00+00:00,0,0,0,,0.0
2026-10-04 14:44:00+00:00,0,0,0,,0.0
2026-10-04 14:45:00+00:00,0,0,0,,0.0
2026-10-04 14:46:00+00:00,0,0,0,,0.0
2026-10-04 14:47:00+00:00,0,0,0,,0.0
2026-10-04 14:48:00+00:00,0,0,0,,0.0
2026-10-04 14:49:00+00:00,0,0,0,,0.0
2026-10-04 14:50:00+00:00,0,0,0,,0.0
2026-10-04 14:51:00+00:00,0,0,0,,0.0
2026-10-04 14:52:00+00:00,0,0,0,,0.0
2026-10-04 14:53:00+00:00,0,0,0,,0.0
2026-10-04 14:54:00+00:00,0,0,0,,0.0
2026-10-04 14:55:00+00:00,0,0,0,,0.0
2026-10-04 14:56:00+00:00,0,0,0,,0.0
2026-10-04 14:57:00+00:00,0,0,0,,0.0
2026-10-04 14:58:00+00:00,0,0,0,,0.0
2026-10-04 14:59:00+00:00,0,0,0,,0.0
2026-10-04 15:00:00+00:00,0,0,0,,0.0
2026-10-04 15:01:00+00:00,0,0,0,,0.0
2026-10-04 15:02:00+00:00,0,0,0,,0.0
2026-10-04 15:03:00+00:00,0,0,0,,0.0
2026-10-04 15:04:00+00:00,0,0,0,,0.0
2026-10-04 15:05:00+00:00,0,0,0,,0.0
2026-10-04 15:06:00+00:00,0,0,0,,0.0
2026-10-04 15:07:00+00:00,0,0,0,,0.0
2026-10-04 15:08:00+00:00,0,0,0,,0.0
2026-10-04 15:09:00+00:00,0,0,0,,0.0
2026-10-04 15:10:00+00:00,0,0,0,,0.0
2026-10-04 15:11:00+00:00,0,0,0,,0.0
2026-10-04 15:12:00+00:00,0,0,0,,0.0
2026-10-04 15:13:00+00:00,0,0,0,,0.0
2026-10-04 15:14:00+00:00,0,0,0,,0.0
2026-10-04 15:15:00+00:00,0,0,0,,0.0
2026-10-04 15:16:00+00:00,0,0,0,,0.0
2026-10-04 15:17:00+00:00,0,0,0,,0.0
2026-10-04 15:18:00+00:00,0,0,0,,0.0
2026-10-04 15:19:00+00:00,0,0,0,,0.0
2026-10-04 15:20:00+00:00,0,0,0,,0.0
2026-10-04 15:21:00+00:00,0,0,0,,0.0
2026-10-04 15:22:00+00:00,0,0,0,,0.0
2026-10-04 15:23:00+00:00,0,0,0,,0.0
2026-10-04 15:24:00+00:00,0,0,0,,0.0
2026-10-04 15:25:00+00:00,0,0,0,,0.0
2026-10-04 15:26:00+00:00,0,0,0,,0.0
2026-10-04 15:27:00+00:00,0,0,0,,0.0
2026-10-04 15:28:00+00:00,0,0,0,,0.0
2026-10-04 15:29:00+00:00,0,0,0,,0.0
2026-10-04 15:30:00+00:00,0,0,0,,0.0
2026-10-04 15:31:00+00:00,0,0,0,,0.0
2026-10-04 15:32:00+00:00,0,0,0,,0.0
2026-10-04 15:33:00+00:00,0,0,0,,0.0
2026-10-04 15:34:00+00:00,0,0,0,,0.0
2026-10-04 15:35:00+00:00,0,0,0,,0.0
2026-10-04 15:36:00+00:00,0,0,0,,0.0
2026-10-04 15:37:00+00:00,0,0,0,,0.0
2026-10-04 15:38:00+00:00,0,0,0,,0.0
2026-10-04 15:39:00+00:00,0,0,0,,0.0
2026-10-04 15:40:00+00:00,0,0,0,,0.0
2026-10-04 15:41:00+00:00,0,0,0,,0.0
2026-10-04 15:42:00+00:00,0,0,0,,0.0
2026-10-04 15:43:00+00:00,0,0,0,,0.0
2026-10-04 15:44:00+00:00,0,0,0,,0.0
2026-10-04 15:45:00+00:00,0,0,0,,0.0
2026-10-04 15:46:00+00:00,0,0,0,,0.0
2026-10-04 15:47:00+00:00,0,0,0,,0.0
2026-10-04 15:48:00+00:00,0,0,0,,0.0
2026-10-04 15:49:00+00:00,0,0,0,,0.0
2026-10-04 15:50:00+00:00,0,0,0,,0.0
2026-10-04 15:51:00+00:00,0,0,0,,0.0
2026-10-04 15:52:00+00:00,0,0,0,,0.0
2026-10-04 15:53:00+00:00,0,0,0,,0.0
2026-10-04 15:54:00+00:00,0,0,0,,0.0
2026-10-04 15:55:00+00:00,0,0,0,,0.0
2026-10-04 15:56:00+00:00,0,0,0,,0.0
2026-10-04 15:57:00+00:00,0,0,0,,0.0
2026-10-04 15:58:00+00:00,0,0,0,,0.0
2026-10-04 15:59:00+00:00,0,0,0,,0.0
2026-10-04 16:00:00+00:00,0,0,0,,0.0
2026-10-04 16:01:00+00:00,0,0,0,,0.0
2026-10-04 16:02:00+00:00,0,0,0,,0.0
2026-10-04 16:03:00+00:00,0,0,0,,0.0
2026-10-04 16:04:00+00:00,0,0,0,,0.0
2026-10-04 16:05:00+00:00,0,0,0,,0.0
2026-10-04 16:06:00+00:00,0,0,0,,0.0
2026-10-04 16:07:00+00:00,0,0,0,,0.0
2026-10-04 16:08:00+00:00,0,0,0,,0.0
2026-10-04 16:09:00+00:00,0,0,0,,0.0
2026-10-04 16:10:00+00:00,0,0,0,,0.0
2026-10-04 16:11:00+00:00,0,0,0,,0.0
2026-10-04 16:12:00+00:00,0,0,0,,0.0
2026-10-04 16:13:00+00:00,0,0,0,,0.0
2026-10-04 16:14:00+00:00,0,0,0,,0.0
2026-10-04 16:15:00+00:00,0,0,0,,0.0
2026-10-04 16:16:00+00:00,0,0,0,,0.0
2026-10-04 16:17:00+00:00,0,0,0,,0.0
2026-10-04 16:18:00+00:00,0,0,0,,0.0
2026-10-04 16:19:00+00:00,0,0,0,,0.0
2026-10-04 16:20:00+00:00,0,0,0,,0.0
2026-10-04 16:21:00+00:00,0,0,0,,0.0
2026-10-04 16:22:00+00:00,0,0,0,,0.0
2026-10-04 16:23:00+00:00,0,0,0,,0.0
2026-10-04 16:24:00+00:00,0,0,0,,0.0
2026-10-04 16:25:00+00:00,0,0,0,,0.0
2026-10-04 16:26:00+00:00,0,0,0,,0.0
2026-10-04 16:27:00+00:00,0,0,0,,0.0
2026-10-04 16:28:00+00:00,0,0,0,,0.0
2026-10-04 16:29:00+00:00,0,0,0,,0.0
2026-10-04 16:30:00+00:00,0,0,0,,0.0
2026-10-04 16:31:00+00:00,0,0,0,,0.0
2026-10-04 16:32:00+00:00,0,0,0,,0.0
2026-10-04 16:33:00+00:00,0,0,0,,0.0
2026-10-04 16:34:00+00:00,0,0,0,,0.0
2026-10-04 16:35:00+00:00,0,0,0,,0.0
2026-10-04 16:36:00+00:00,0,0,0,,0.0
2026-10-04 16:37:00+00:00,0,0,0,,0.0
2026-10-04 16:38:00+00:00,0,0,0,,0.0
2026-10-04 16:39:00+00:00,0,0,0,,0.0
2026-10-04 16:40:00+00:00,0,0,0,,0.0
2026-10-04 16:41:00+00:00,0,0,0,,0.0
2026-10-04 16:42:00+00:00,0,0,0,,0.0
2026-10-04 16:43:00+00:00,0,0,0,,0.0
2026-10-04 16:44:00+00:00,0,0,0,,0.0
2026-10-04 16:45:00+00:00,0,0,0,,0.0
2026-10-04 16:46:00+00:00,0,0,0,,0.0
2026-10-04 16:47:00+00:00,0,0,0,,0.0
2026-10-04 16:48:00+00:00,0,0,0,,0.0
2026-10-04 16:49:00+00:00,0,0,0,,0.0
2026-10-04 16:50:00+00:00,0,0,0,,0.0
2026-10-04 16:51:00+00:00,0,0,0,,0.0
2026-10-04 16:52:00+00:00,0,0,0,,0.0
2026-10-04 16:53:00+00:00,0,0,0,,0.0
2026-10-04 16:54:00+00:00,0,0,0,,0.0
2026-10-04 16:55:00+00:00,0,0,0,,0.0
2026-10-04 16:56:00+00:00,0,0,0,,0.0
2026-10-04 16:57:00+00:00,0,0,0,,0.0
2026-10-04 16:58:00+00:00,0,0,0,,0.0
2026-10-04 16:59:00+00:00,0,0,0,,0.0
2026-10-04 17:00:00+00:00,0,0,0,,0.0
2026-10-04 17:01:00+00:00,0,0,0,,0.0
2026-10-04 17:02:00+00:00,0,0,0,,0.0
2026-10-04 17:03:00+00:00,0,0,0,,0.0
2026-10-04 17:04:00+00:00,0,0,0,,0.0
2026-10-04 17:05:00+00:00,0,0,0,,0.0
2026-10-04 17:06:00+00:00,0,0,0,,0.0
2026-10-04 17:07:00+00:00,0,0,0,,0.0
2026-10-04 17:08:00+00:00,0,0,0,,0.0
2026-10-04 17:09:00+00:00,0,0,0,,0.0
2026-10-04 17:10:00+00:00,0,0,0,,0.0
2026-10-04 17:11:00+00:00,0,0,0,,0.0
2026-10-04 17:12:00+00:00,0,0,0,,0.0
2026-10-04 17:13:00+00:00,0,0,0,,0.0
2026-10-04 17:14:00+00:00,0,0,0,,0.0
2026-10-04 17:15:00+00:00,0,0,0,,0.0
2026-10-04 17:16:00+00:00,0,0,0,,0.0
2026-10-04 17:17:00+00:00,0,0,0,,0.0
2026-10-04 17:18:00+00:00,0,0,0,,0.0
2026-10-04 17:19:00+00:00,0,0,0,,0.0
2026-10-04 17:20:00+00:00,0,0,0,,0.0
2026-10-04 17:21:00+00:00,0,0,0,,0.0
2026-10-04 17:22:00+00:00,0,0,0,,0.0
2026-10-04 17:23:00+00:00,0,0,0,,0.0
2026-10-04 17:24:00+00:00,0,0,0,,0.0
2026-10-04 17:25:00+00:00,0,0,0,,0.0
2026-10-04 17:26:00+00:00,0,0,0,,0.0
2026-10-04 17:27:00+00:00,0,0,0,,0.0
2026-10-04 17:28:00+00:00,0,0,0,,0.0
2026-10-04 17:29:00+00:00,0,0,0,,0.0
2026-10-04 17:30:00+00:00,0,0,0,,0.0
2026-10-04 17:31:00+00:00,0,0,0,,0.0
2026-10-04 17:32:00+00:00,0,0,0,,0.0
2026-10-04 17:33:00+00:00,0,0,0,,0.0
2026-10-04 17:34:00+00:00,0,0,0,,0.0
2026-10-04 17:35:00+00:00,0,0,0,,0.0
2026-10-04 17:36:00+00:00,0,0,0,,0.0
2026-10-04 17:37:00+00:00,0,0,0,,0.0
2026-10-04 17:38:00+00:00,0,0,0,,0.0
2026-10-04 17:39:00+00:00,0,0,0,,0.0
2026-10-04 17:40:00+00:00,0,0,0,,0.0
2026-10-04 17:41:00+00:00,0,0,0,,0.0
2026-10-04 17:42:00+00:00,0,0,0,,0.0
2026-10-04 17:43:00+00:00,0,0,0,,0.0
2026-10-04 17:44:00+00:00,0,0,0,,0.0
2026-10-04 17:45:00+00:00,0,0,0,,0.0
2026-10-04 17:46:00+00:00,0,0,0,,0.0
2026-10-04 17:47:00+00:00,0,0,0,,0.0
2026-10-04 17:48:00+00:00,0,0,0,,0.0
2026-10-04 17:49:00+00:00,0,0,0,,0.0
2026-10-04 17:50:00+00:00,0,0,0,,0.0
2026-10-04 17:51:00+00:00,0,0,0,,0.0
2026-10-04 17:52:00+00:00,0,0,0,,0.0
2026-10-04 17:53:00+00:00,0,0,0,,0.0
2026-10-04 17:54:00+00:00,0,0,0,,0.0
2026-10-04 17:55:00+00:00,0,0,0,,0.0
2026-10-04 17:56:00+00:00,0,0,0,,0.0
2026-10-04 17:57:00+00:00,0,0,0,,0.0
2026-10-04 17:58:00+00:00,0,0,0,,0.0
2026-10-04 17:59:00+00:00,0,0,0,,0.0
2026-10-04 18:00:00+00:00,0,0,0,,0.0
2026-10-04 18:01:00+00:00,0,0,0,,0.0
2026-10-04 18:02:00+00:00,0,0,0,,0.0
2026-10-04 18:03:00+00:00,0,0,0,,0.0
2026-10-04 18:04:00+00:00,0,0,0,,0.0
2026-10-04 18:05:00+00:00,0,0,0,,0.0
2026-10-04 18:06:00+00:00,0,0,0,,0.0
2026-10-04 18:07:00+00:00,0,0,0,,0.0
2026-10-04 18:08:00+00:00,0,0,0,,0.0
2026-10-04 18:09:00+00:00,0,0,0,,0.0
2026-10-04 18:10:00+00:00,0,0,0,,0.0
2026-10-04 18:11:00+00:00,0,0,0,,0.0
2026-10-04 18:12:00+00:00,0,0,0,,0.0
2026-10-04 18:13:00+00:00,0,0,0,,0.0
2026-10-04 18:14:00+00:00,0,0,0,,0.0
2026-10-04 18:15:00+00:00,0,0,0,,0.0
2026-10-04 18:16:00+00:00,0,0,0,,0.0
2026-10-04 18:17:00+00:00,0,0,0,,0.0
2026-10-04 18:18:00+00:00,0,0,0,,0.0
2026-10-04 18:19:00+00:00,0,0,0,,0.0
2026-10-04 18:20:00+00:00,0,0,0,,0.0
2026-10-04 18:21:00+00:00,0,0,0,,0.0
2026-10-04 18:22:00+00:00,0,0,0,,0.0
2026-10-04 18:23:00+00:00,0,0,0,,0.0
2026-10-04 18:24:00+00:00,0,0,0,,0.0
2026-10-04 18:25:00+00:00,0,0,0,,0.0
2026-10-04 18:26:00+00:00,0,0,0,,0.0
2026-10-04 18:27:00+00:00,0,0,0,,0.0
2026-10-04 18:28:00+00:00,0,0,0,,0.0
2026-10-04 18:29:00+00:00,0,0,0,,0.0
2026-10-04 18:30:00+00:00,0,0,0,,0.0
2026-10-04 18:31:00+00:00,0,0,0,,0.0
2026-10-04 18:32:00+00:00,0,0,0,,0.0
2026-10-04 18:33:00+00:00,0,0,0,,0.0
2026-10-04 18:34:00+00:00,0,0,0,,0.0
2026-10-04 18:35:00+00:00,0,0,0,,0.0
2026-10-04 18:36:00+00:00,0,0,0,,0.0
2026-10-04 18:37:00+00:00,0,0,0,,0.0
2026-10-04 18:38:00+00:00,0,0,0,,0.0
2026-10-04 18:39:00+00:00,0,0,0,,0.0
2026-10-04 18:40:00+00:00,0,0,0,,0.0
2026-10-04 18:41:00+00:00,0,0,0,,0.0
2026-10-04 18:42:00+00:00,0,0,0,,0.0
2026-10-04 18:43:00+00:00,0,0,0,,0.0
2026-10-04 18:44:00+00:00,0,0,0,,0.0
2026-10-04 18:45:00+00:00,0,0,0,,0.0
2026-10-04 18:46:00+00:00,0,0,0,,0.0
2026-10-04 18:47:00+00:00,0,0,0,,0.0
2026-10-04 18:48:00+00:00,0,0,0,,0.0
2026-10-04 18:49:00+00:00,0,0,0,,0.0
2026-10-04 18:50:00+00:00,0,0,0,,0.0
2026-10-04 18:51:00+00:00,0,0,0,,0.0
2026-10-04 18:52:00+00:00,0,0,0,,0.0
2026-10-04 18:53:00+00:00,0,0,0,,0.0
2026-10-04 18:54:00+00:00,0,0,0,,0.0
2026-10-04 18:55:00+00:00,0,0,0,,0.0
2026-10-04 18:56:00+00:00,0,0,0,,0.0
2026-10-04 18:57:00+00:00,0,0,0,,0.0
2026-10-04 18:58:00+00:00,0,0,0,,0.0
2026-10-04 18:59:00+00:00,0,0,0,,0.0
2026-10-04 19:00:00+00:00,0,0,0,,0.0
2026-10-04 19:01:00+00:00,0,0,0,,0.0
2026-10-04 19:02:00+00:00,0,0,0,,0.0
2026-10-04 19:03:00+00:00,0,0,0,,0.0
2026-10-04 19:04:00+00:00,0,0,0,,0.0
2026-10-04 19:05:00+00:00,0,0,0,,0.0
2026-10-04 19:06:00+00:00,0,0,0,,0.0
2026-10-04 19:07:00+00:00,0,0,0,,0.0
2026-10-04 19:08:00+00:00,0,0,0,,0.0
2026-10-04 19:09:00+00:00,0,0,0,,0.0
2026-10-04 19:10:00+00:00,0,0,0,,0.0
2026-10-04 19:11:00+00:00,0,0,0,,0.0
2026-10-04 19:12:00+00:00,0,0,0,,0.0
2026-10-04 19:13:00+00:00,0,0,0,,0.0
2026-10-04 19:14:00+00:00,0,0,0,,0.0
2026-10-04 19:15:00+00:00,0,0,0,,0.0
2026-10-04 19:16:00+00:00,0,0,0,,0.0
2026-10-04 19:17:00+00:00,0,0,0,,0.0
2026-10-04 19:18:00+00:00,0,0,0,,0.0
2026-10-04 19:19:00+00:00,0,0,0,,0.0
2026-10-04 19:20:00+00:00,0,0,0,,0.0
2026-10-04 19:21:00+00:00,0,0,0,,0.0
2026-10-04 19:22:00+00:00,0,0,0,,0.0
2026-10-04 19:23:00+00:00,0,0,0,,0.0
2026-10-04 19:24:00+00:00,0,0,0,,0.0
2026-10-04 19:25:00+00:00,0,0,0,,0.0
2026-10-04 19:26:00+00:00,0,0,0,,0.0
2026-10-04 19:27:00+00:00,0,0,0,,0.0
2026-10-04 19:28:00+00:00,0,0,0,,0.0
2026-10-04 19:29:00+00:00,0,0,0,,0.0
2026-10-04 19:30:00+00:00,0,0,0,,0.0
2026-10-04 19:31:00+00:00,0,0,0,,0.0
2026-10-04 19:32:00+00:00,0,0,0,,0.0
2026-10-04 19:33:00+00:00,0,0,0,,0.0
2026-10-04 19:34:00+00:00,0,0,0,,0.0
2026-10-04 19:35:00+00:00,0,0,0,,0.0
2026-10-04 19:36:00+00:00,0,0,0,,0.0
2026-10-04 19:37:00+00:00,0,0,0,,0.0
2026-10-04 19:38:00+00:00,0,0,0,,0.0
2026-10-04 19:39:00+00:00,0,0,0,,0.0
2026-10-04 19:40:00+00:00,0,0,0,,0.0
2026-10-04 19:41:00+00:00,0,0,0,,0.0
2026-10-04 19:42:00+00:00,0,0,0,,0.0
2026-10-04 19:43:00+00:00,0,0,0,,0.0
2026-10-04 19:44:00+00:00,0,0,0,,0.0
2026-10-04 19:45:00+00:00,0,0,0,,0.0
2026-10-04 19:46:00+00:00,0,0,0,,0.0
2026-10-04 19:47:00+00:00,0,0,0,,0.0
2026-10-04 19:48:00+00:00,0,0,0,,0.0
2026-10-04 19:49:00+00:00,0,0,0,,0.0
2026-10-04 19:50:00+00:00,0,0,0,,0.0
2026-10-04 19:51:00+00:00,0,0,0,,0.0
2026-10-04 19:52:00+00:00,0,0,0,,0.0
2026-10-04 19:53:00+00:00,0,0,0,,0.0
2026-10-04 19:54:00+00:00,0,0,0,,0.0
2026-10-04 19:55:00+00:00,0,0,0,,0.0
2026-10-04 19:56:00+00:00,0,0,0,,0.0
2026-10-04 19:57:00+00:00,0,0,0,,0.0
2026-10-04 19:58:00+00:00,0,0,0,,0.0
2026-10-04 19:59:00+00:00,0,0,0,,0.0
2026-10-04 20:00:00+00:00,0,0,0,,0.0
2026-10-04 20:01:00+00:00,0,0,0,,0.0
2026-10-04 20:02:00+00:00,0,0,0,,0.0
2026-10-04 20:03:00+00:00,0,0,0,,0.0
2026-10-04 20:04:00+00:00,0,0,0,,0.0
2026-10-04 20:05:00+00:00,0,0,0,,0.0
2026-10-04 20:06:00+00:00,0,0,0,,0.0
2026-10-04 20:07:00+00:00,0,0,0,,0.0
2026-10-04 20:08:00+00:00,0,0,0,,0.0
2026-10-04 20:09:00+00:00,0,0,0,,0.0
2026-10-04 20:10:00+00:00,0,0,0,,0.0
2026-10-04 20:11:00+00:00,0,0,0,,0.0
2026-10-04 20:12:00+00:00,0,0,0,,0.0
2026-10-04 20:13:00+00:00,0,0,0,,0.0
2026-10-04 20:14:00+00:00,0,0,0,,0.0
2026-10-04 20:15:00+00:00,0,0,0,,0.0
2026-10-04 20:16:00+00:00,0,0,0,,0.0
2026-10-04 20:17:00+00:00,0,0,0,,0.0
2026-10-04 20:18:00+00:00,0,0,0,,0.0
2026-10-04 20:19:00+00:00,0,0,0,,0.0
2026-10-04 20:20:00+00:00,0,0,0,,0.0
2026-10-04 20:21:00+00:00,0,0,0,,0.0
2026-10-04 20:22:00+00:00,0,0,0,,0.0
2026-10-04 20:23:00+00:00,0,0,0,,0.0
2026-10-04 20:24:00+00:00,0,0,0,,0.0
2026-10-04 20:25:00+00:00,0,0,0,,0.0
2026-10-04 20:26:00+00:00,0,0,0,,0.0
2026-10-04 20:27:00+00:00,0,0,0,,0.0
2026-10-04 20:28:00+00:00,0,0,0,,0.0
2026-10-04 20:29:00+00:00,213,79,91,Eric Smith (murderer),0.009
2026-10-04 20:30:00+00:00,229,83,103,2026–27 Copa del Rey,0.009
2026-10-04 20:31:00+00:00,230,93,95,Shah Qasim Haqqani,0.013
2026-10-04 20:32:00+00:00,200,95,85,The Naked Angel,0.015
2026-10-04 20:33:00+00:00,196,89,89,2026–27 Fenerbahçe S.K. (basketball) season,0.01
2026-10-04 20:34:00+00:00,190,81,81,2026–27 Fenerbahçe S.K. (basketball) season,0.011
2026-10-04 20:35:00+00:00,208,84,90,Wikipedia:Articles for deletion/Log/2026 October 4,0.014
2026-10-04 20:36:00+00:00,197,84,95,Draft talk:Coalition of Southeast Youth Leaders (Nigeria),0.01
2026-10-04 20:37:00+00:00,193,84,87,User:Alextheconservative/sandbox/1,0.016
2026-10-04 20:38:00+00:00,219,90,96,Alessandro Da Col,0.009
2026-10-04 20:39:00+00:00,217,91,101,Dejuan Lane,0.009
2026-10-04 20:40:00+00:00,198,88,96,2026–27 Anadolu Efes S.K. season,0.01
2026-10-04 20:41:00+00:00,181,82,91,2026 New England Patriots season,0.011
2026-10-04 20:42:00+00:00,199,87,94,Dartford F.C.,0.01
2026-10-04 20:43:00+00:00,197,83,99,Urho (icebreaker),0.01
2026-10-04 20:44:00+00:00,219,76,112,Dorin Cioabă,0.014
2026-10-04 20:45:00+00:00,188,61,109,29th National Congress of Chile,0.011
2026-10-04 20:46:00+00:00,203,82,100,Template:Cratstats,0.02
2026-10-04 20:47:00+00:00,207,93,88,High impedance surface,0.014
2026-10-04 20:48:00+00:00,239,98,100,Wikipedia:WikiProject Deletion sorting/Aviation,0.013
2026-10-04 20:49:00+00:00,251,108,106,Dixons Kings Academy,0.012
2026-10-04 20:50:00+00:00,222,101,103,2026 Brazilian general election,0.009
2026-10-04 20:51:00+00:00,211,105,87,2026 Michigan Wolverines football team,0.009
2026-10-04 20:52:00+00:00,227,107,92,Gonçalo Ramos,0.009
2026-10-04 20:53:00+00:00,246,102,107,2026 Pacific typhoon season,0.008
2026-10-04 20:54:00+00:00,224,106,100,SMS Nautilus (1906),0.013
2026-10-04 20:55:00+00:00,230,105,107,All-Pro,0.009
2026-10-04 20:56:00+00:00,220,108,87,Honeyjoon,0.014
2026-10-04 20:57:00+00:00,211,108,89,Emil Uzelac,0.009
2026-10-04 20:58:00+00:00,221,109,99,KMFR,0.009
2026-10-04 20:59:00+00:00,218,104,95,2026 World Grand Prix (darts),0.009
2026-10-04 21:00:00+00:00,229,110,109,2026–27 UEFA Futsal Champions League,0.009
2026-10-04 21:01:00+00:00,211,109,95,Arajet,0.014
2026-10-04 21:02:00+00:00,195,90,97,Arajet,0.015
2026-10-04 21:03:00+00:00,184,79,92,2026 Prestige Hotels & Resorts Curling Classic,0.011
2026-10-04 21:04:00+00:00,166,82,75,Template:Cratstats,0.018
2026-10-04 21:05:00+00:00,170,79,83,KIBL,0.012
2026-10-04 21:06:00+00:00,187,86,87,Ateba Gautier,0.011
2026-10-04 21:07:00+00:00,178,82,86,2026 Dallas Cowboys season,0.011
2026-10-04 21:08:00+00:00,185,91,85,Draft:Udayananda Aryal,0.011
2026-10-04 21:09:00+00:00,196,84,94,Amos Food,0.01
2026-10-04 21:10:00+00:00,179,81,82,Charlton Athletic F.C. Under-21s and Academy,0.011
2026-10-04 21:11:00+00:00,188,74,82,Talk:Laurence D. Marks,0.027
2026-10-04 21:12:00+00:00,185,71,83,2026 Federal District general election,0.011
2026-10-04 21:13:00+00:00,195,80,81,2025 Scotties Tournament of Hearts,0.005
2026-10-04 21:14:00+00:00,216,77,87,User:ParamBot/Rules,0.019
2026-10-04 21:15:00+00:00,212,77,95,2026 New York Giants season,0.009
2026-10-04 21:16:00+00:00,322,83,88,Help talk:Diff,0.006
2026-10-04 21:17:00+00:00,241,76,76,2026 Dallas Cowboys season,0.008
2026-10-04 21:18:00+00:00,194,79,87,Wikipedia:Administrator intervention against vandalism,0.015
2026-10-04 21:19:00+00:00,193,67,107,2026 Brazilian general election,0.016
2026-10-04 21:20:00+00:00,118,24,83,ROCS Hsi Kiang,0.025
2026-10-04 21:21:00+00:00,127,24,91,Charles Foley,0.016
2026-10-04 21:22:00+00:00,108,17,86,User:Tomobe03/sandbox/1,0.019
2026-10-04 21:23:00+00:00,124,17,84,"Balkivtsi, Chernivtsi Oblast",0.016
2026-10-04 21:24:00+00:00,134,37,86,2026 National League Division Series,0.015
2026-10-04 21:25:00+00:00,155,55,86,2026 Brazilian general election,0.013
2026-10-04 21:26:00+00:00,171,71,72,Adele Laurie Blue Adkins,0.023
2026-10-04 21:27:00+00:00,186,73,84,Adele Laurie Blue Adkins,0.022
2026-10-04 21:28:00+00:00,158,54,80,1977 U.S. Pro Tennis Championships,0.013
2026-10-04 21:29:00+00:00,115,15,77,Music Screeners,0.026
2026-10-04 21:30:00+00:00,131,28,88,132nd Division,0.015
2026-10-04 21:31:00+00:00,133,26,90,132nd Division,0.015
2026-10-04 21:32:00+00:00,109,22,75,1966 Michigan Senate election,0.018
2026-10-04 21:33:00+00:00,119,21,87,Cheikh Hamidou Kane,0.017
2026-10-04 21:34:00+00:00,90,19,62,1990 Toledo Rockets football team,0.022
2026-10-04 21:35:00+00:00,101,23,68,Wikipedia:Index of personal libraries listed onwiki,0.03
2026-10-04 21:36:00+00:00,135,21,85,Wikipedia:Index of personal libraries listed onwiki,0.022
2026-10-04 21:37:00+00:00,143,28,87,ROCS Shan Hai,0.021
2026-10-04 21:38:00+00:00,194,79,74,Panic (1928 film),0.01
2026-10-04 21:39:00+00:00,207,82,75,History of painting,0.01
2026-10-04 21:40:00+00:00,213,86,86,Dirty Grandpa,0.009
2026-10-04 21:41:00+00:00,192,75,95,Cuban patrol vesssel Caribe,0.016
2026-10-04 21:42:00+00:00,201,75,79,Template:Cratstats,0.01
2026-10-04 21:43:00+00:00,209,86,73,South,0.014
2026-10-04 21:44:00+00:00,227,75,92,ROKS Noryang,0.009
2026-10-04 21:45:00+00:00,226,86,86,User talk:Doniago/Archive 73,0.009
2026-10-04 21:46:00+00:00,208,83,67,User:Cheezits23795/be bold,0.019
2026-10-04 21:47:00+00:00,183,86,66,Cuban patrol vessel Siboney,0.016
2026-10-04 21:48:00+00:00,223,100,84,The Nuttiest Nutcracker,0.013
2026-10-04 21:49:00+00:00,204,108,67,ROKS Okpo,0.015
2026-10-04 21:50:00+00:00,234,120,83,HMS Catterick,0.009
2026-10-04 21:51:00+00:00,223,110,83,134th Division,0.009
2026-10-04 21:52:00+00:00,227,107,87,2026 Pacific typhoon season,0.009
2026-10-04 21:53:00+00:00,216,110,72,Melodies of America,0.014
2026-10-04 21:54:00+00:00,227,111,78,2025 in American television,0.009
2026-10-04 21:55:00+00:00,217,101,82,2026 AFA Liga Profesional de Fútbol,0.009
2026-10-04 21:56:00+00:00,215,86,89,USS Eagle 22,0.014
2026-10-04 21:57:00+00:00,227,111,82,2026–27 UEFA Nations League A,0.009
2026-10-04 21:58:00+00:00,220,107,71,Braden Barty,0.009
2026-10-04 21:59:00+00:00,243,100,83,Charles Fuller (disambiguation),0.008
2026-10-04 22:00:00+00:00,241,118,90,2026 San Francisco 49ers season,0.012
2026-10-04 22:01:00+00:00,231,116,79,Pearly gates,0.013
2026-10-04 22:02:00+00:00,207,110,64,2026 Prestige Hotels & Resorts Curling Classic,0.01
2026-10-04 22:03:00+00:00,223,110,82,Geography of Réunion,0.009
2026-10-04 22:04:00+00:00,239,115,83,2026 Brazilian general election,0.008
2026-10-04 22:05:00+00:00,236,117,79,Premiership Player of the Month,0.008
2026-10-04 22:06:00+00:00,209,111,63,2006 United States broadcast television realignment,0.005
2026-10-04 22:07:00+00:00,249,122,91,2026 Brazilian general election,0.008
2026-10-04 22:08:00+00:00,225,115,74,Heartbreak Island,0.009
2026-10-04 22:09:00+00:00,231,113,86,User:Bradlake14/SportsBuilder.json,0.013
2026-10-04 22:10:00+00:00,250,121,90,Canada Soccer National Development Centres,0.008
2026-10-04 22:11:00+00:00,209,107,72,Horned Serpent,0.01
2026-10-04 22:12:00+00:00,253,125,90,User:Bradlake14/SportsBuilder.json,0.008
2026-10-04 22:13:00+00:00,245,116,74,Severus Hill,0.012
2026-10-04 22:14:00+00:00,239,109,78,Acanthocheilonema spirocauda,0.008
2026-10-04 22:15:00+00:00,255,114,96,Doug Wright Award,0.008
2026-10-04 22:16:00+00:00,218,111,73,Draft:Robert Caruso,0.014
2026-10-04 22:17:00+00:00,211,115,74,2026 Brazilian general election,0.014
2026-10-04 22:18:00+00:00,232,115,89,2026–27 DEL season,0.009
2026-10-04 22:19:00+00:00,206,100,78,2026 Brazilian general election,0.01
2026-10-04 22:20:00+00:00,248,120,90,Boris Hanžeković,0.008
2026-10-04 22:21:00+00:00,258,109,93,Boris Hanžeković,0.008
2026-10-04 22:22:00+00:00,268,118,100,2026 Brazilian general election,0.007
2026-10-04 22:23:00+00:00,263,116,80,2026–27 Sunderland A.F.C. Women season,0.008
2026-10-04 22:24:00+00:00,248,113,88,Draft:James Ngwu Eze,0.008
2026-10-04 22:25:00+00:00,277,148,96,List of aviation incidents during the Saudi-led intervention in the Yemeni civil war,0.007
2026-10-04 22:26:00+00:00,248,114,75,Keith Sonderling,0.008
2026-10-04 22:27:00+00:00,240,104,90,Elizabeth Tulloch,0.008
2026-10-04 22:28:00+00:00,257,116,90,AI agent benchmark,0.008
2026-10-04 22:29:00+00:00,256,114,96,2026–27 Primera Federación,0.008
2026-10-04 22:30:00+00:00,231,115,80,Epistle of Polycarp to the Philippians,0.009
2026-10-04 22:31:00+00:00,227,100,73,1970 United States Senate election in New York,0.009
2026-10-04 22:32:00+00:00,223,110,68,Elizabeth Tulloch,0.009
2026-10-04 22:33:00+00:00,255,111,90,User:Mlam1011,0.043
2026-10-04 22:34:00+00:00,247,116,88,User:Lily1275/be bold,0.008
2026-10-04 22:35:00+00:00,261,121,82,2026–27 PLK season,0.008
2026-10-04 22:36:00+00:00,236,123,80,Talk:Bonneville flood,0.008
2026-10-04 22:37:00+00:00,225,111,83,Draft:National Commission for Biotechnology,0.009
2026-10-04 22:38:00+00:00,232,108,89,Astoria Bydgoszcz,0.009
2026-10-04 22:39:00+00:00,261,104,96,Rhizoctonia solani,0.008
2026-10-04 22:40:00+00:00,245,114,83,2026 New Zealand National League,0.008
2026-10-04 22:41:00+00:00,217,107,87,Robert Evans (British politician),0.009
2026-10-04 22:42:00+00:00,238,116,86,Coins of British India,0.008
2026-10-04 22:43:00+00:00,231,119,88,Draft:Royal House of Hlongwane,0.009
2026-10-04 22:44:00+00:00,228,91,96,Talk:Bravais lattice,0.009
2026-10-04 22:45:00+00:00,234,110,86,Derpy Hooves,0.009
2026-10-04 22:46:00+00:00,236,114,88,Baron of the Bachuil,0.008
2026-10-04 22:47:00+00:00,231,104,95,Dil Jan Khan,0.009
2026-10-04 22:48:00+00:00,191,79,78,File:Vilakkum Velichavum.JPG,0.01
2026-10-04 22:49:00+00:00,179,70,77,Hurricane Nolo,0.011
2026-10-04 22:50:00+00:00,181,80,82,Ophiolepis elegans,0.011
2026-10-04 22:51:00+00:00,207,79,88,Charles Danforth (judge),0.01
2026-10-04 22:52:00+00:00,189,80,80,Chen Kun-hou,0.011
2026-10-04 22:53:00+00:00,198,71,91,List of men's footballers with 100 or more international caps,0.01
2026-10-04 22:54:00+00:00,195,79,77,2003 Club Atlético Universidad season,0.01
2026-10-04 22:55:00+00:00,193,81,76,Benjamín Vivanco,0.01
2026-10-04 22:56:00+00:00,227,90,99,Deaths in 2026,0.009
2026-10-04 22:57:00+00:00,192,70,84,2026 Vienna shooting,0.01
2026-10-04 22:58:00+00:00,193,76,85,2026 Brazilian general election,0.01
2026-10-04 22:59:00+00:00,211,74,87,Sinum grayi,0.014
2026-10-04 23:00:00+00:00,223,91,89,Blackpink (EP),0.009
2026-10-04 23:01:00+00:00,200,76,86,Draft talk:2001 MK Airlines Boeing 747 crash,0.01
2026-10-04 23:02:00+00:00,182,74,78,Formation of Jupiter,0.011
2026-10-04 23:03:00+00:00,173,74,77,Eduardo Flores,0.012
2026-10-04 23:04:00+00:00,178,70,75,2026 Miami Dolphins season,0.011
2026-10-04 23:05:00+00:00,202,79,83,Alaya Dawn Johnson,0.01
2026-10-04 23:06:00+00:00,203,72,97,Godfrey Okoye University,0.01
2026-10-04 23:07:00+00:00,197,79,86,MARC Train,0.015
2026-10-04 23:08:00+00:00,209,88,90,Wikipedia:Wiki Ed/Cal Poly San Luis Obispo/ENGL 1145 Writing Arguments (Fall 2026),0.014
2026-10-04 23:09:00+00:00,177,78,75,User talk:Scrabble Scribble,0.028
2026-10-04 23:10:00+00:00,225,95,99,User talk:Scrabble Scribble,0.027
2026-10-04 23:11:00+00:00,216,103,83,Federal Ministry of Education (Nigeria),0.019
2026-10-04 23:12:00+00:00,218,99,92,Draft:James Twitty,0.009
2026-10-04 23:13:00+00:00,204,91,84,Lénaïg Bredoux,0.01
2026-10-04 23:14:00+00:00,194,98,73,Maria of Antioch (pretender),0.01
2026-10-04 23:15:00+00:00,214,92,99,Elite,0.014
2026-10-04 23:16:00+00:00,212,94,89,Elite,0.014
2026-10-04 23:17:00+00:00,203,89,79,Crepes & Drapes,0.01
2026-10-04 23:18:00+00:00,204,91,88,2004 Club Atlético Universidad season,0.015
2026-10-04 23:19:00+00:00,209,100,80,Adele Logan Alexander,0.01
2026-10-04 23:20:00+00:00,205,100,82,2026 Brazilian general election,0.01
2026-10-04 23:21:00+00:00,193,93,70,ASEAN Championship,0.016
2026-10-04 23:22:00+00:00,174,90,70,2026 GT3 Revival Series,0.011
2026-10-04 23:23:00+00:00,203,101,85,2026 Internet blackout in Iran,0.01
2026-10-04 23:24:00+00:00,170,96,68,26th National Congress of Chile,0.012
2026-10-04 23:25:00+00:00,180,118,59,User:Deauthorized/sandbox,0.011
2026-10-04 23:26:00+00:00,188,99,72,Disappearance of Dulce Maria Alavez,0.011
2026-10-04 23:27:00+00:00,209,97,97,Disappearance of Dulce Maria Alavez,0.019
2026-10-04 23:28:00+00:00,212,102,81,2026 National League Division Series,0.019
2026-10-04 23:29:00+00:00,207,97,87,Disappearance of Dulce Maria Alavez,0.019
2026-10-04 23:30:00+00:00,226,108,86,Rosendo Vidal,0.009
2026-10-04 23:31:00+00:00,195,92,82,Barbara Kurdej-Szatan,0.015
2026-10-04 23:32:00+00:00,205,97,79,Barbara Kurdej-Szatan,0.015
2026-10-04 23:33:00+00:00,171,78,76,1849 in Ireland,0.006
2026-10-04 23:34:00+00:00,210,97,89,Hackintosh,0.01
2026-10-04 23:35:00+00:00,196,96,77,Accumulated cyclone energy,0.01
2026-10-04 23:36:00+00:00,197,86,85,Hastula raphanula,0.015
2026-10-04 23:37:00+00:00,174,86,68,2026 Denver Broncos season,0.023
2026-10-04 23:38:00+00:00,196,94,77,Porte Saint-Nicolas (Ervy-le-Châtel),0.015
2026-10-04 23:39:00+00:00,189,98,73,Bust of René Goscinny,0.016
2026-10-04 23:40:00+00:00,184,89,80,2026 Houston Cougars football team,0.011
2026-10-04 23:41:00+00:00,184,89,69,Elite,0.016
2026-10-04 23:42:00+00:00,181,82,70,Big Brother (British TV series),0.011
2026-10-04 23:43:00+00:00,191,95,76,Collaborative editing,0.01
2026-10-04 23:44:00+00:00,172,80,74,Template:Did you know nominations/Penrhyn Castle,0.012
2026-10-04 23:45:00+00:00,200,81,74,2026 Kansas City Chiefs season,0.015
2026-10-04 23:46:00+00:00,211,85,81,Blacklips,0.009
2026-10-04 23:47:00+00:00,218,85,88,User talk:Ijp333/talk page tutorial,0.014
2026-10-04 23:48:00+00:00,185,82,73,Phil Hellmuth,0.011
2026-10-04 23:49:00+00:00,184,76,62,Category:Anohni,0.011
2026-10-04 23:50:00+00:00,195,82,68,File:Logo of RTV Zenica.png,0.01
2026-10-04 23:51:00+00:00,198,87,74,File:Kannaram Pothi Pothi.jpg,0.01
2026-10-04 23:52:00+00:00,199,91,71,File:The Monkey Kid film poster.jpg,0.01
2026-10-04 23:53:00+00:00,200,83,76,Draft:Mount Nuqum,0.01
2026-10-04 23:54:00+00:00,207,94,81,Harley-Davidson Knucklehead engine,0.01
2026-10-04 23:55:00+00:00,216,97,86,Bust of Stefan Żeromski,0.009
2026-10-04 23:56:00+00:00,204,96,72,Hand dryer,0.01
2026-10-04 23:57:00+00:00,216,88,91,Draft:TypeSafe AI,0.009
2026-10-04 23:58:00+00:00,186,97,62,User talk:~2026-53628-68,0.016
2026-10-04 23:59:00+00:00,212,97,82,2026 Las Vegas Raiders season,0.009
2026-10-05 00:00:00+00:00,260,142,98,2026 ARCA Menards Series West,0.008
2026-10-05 00:01:00+00:00,218,102,81,2026 Pacific typhoon season,0.009
2026-10-05 00:02:00+00:00,221,106,83,2026–27 Segunda Federación,0.009
2026-10-05 00:03:00+00:00,206,105,71,Robert B. Charles,0.01
2026-10-05 00:04:00+00:00,192,85,82,2026 Major League Baseball postseason,0.01
2026-10-05 00:05:00+00:00,322,191,93,User:Liz/CSD log,0.016
2026-10-05 00:06:00+00:00,228,98,88,User talk:Ahunt,0.031
2026-10-05 00:07:00+00:00,192,90,74,User:Liz/CSD log,0.026
2026-10-05 00:08:00+00:00,204,86,91,User:Liz/CSD log,0.02
2026-10-05 00:09:00+00:00,184,94,76,Arne Kring,0.011
2026-10-05 00:10:00+00:00,5,2,5,Cthulhu (developer),0.2
2026-10-05 00:11:00+00:00,0,0,0,,0.0
2026-10-05 00:12:00+00:00,0,0,0,,0.0
2026-10-05 00:13:00+00:00,0,0,0,,0.0
2026-10-05 00:14:00+00:00,0,0,0,,0.0
2026-10-05 00:15:00+00:00,0,0,0,,0.0
2026-10-05 00:16:00+00:00,0,0,0,,0.0
2026-10-05 00:17:00+00:00,0,0,0,,0.0
2026-10-05 00:18:00+00:00,0,0,0,,0.0
2026-10-05 00:19:00+00:00,0,0,0,,0.0
2026-10-05 00:20:00+00:00,0,0,0,,0.0
2026-10-05 00:21:00+00:00,0,0,0,,0.0
2026-10-05 00:22:00+00:00,0,0,0,,0.0
2026-10-05 00:23:00+00:00,0,0,0,,0.0
2026-10-05 00:24:00+00:00,0,0,0,,0.0
2026-10-05 00:25:00+00:00,0,0,0,,0.0
2026-10-05 00:26:00+00:00,0,0,0,,0.0
2026-10-05 00:27:00+00:00,0,0,0,,0.0
2026-10-05 00:28:00+00:00,0,0,0,,0.0
2026-10-05 00:29:00+00:00,0,0,0,,0.0
2026-10-05 00:30:00+00:00,0,0,0,,0.0
2026-10-05 00:31:00+00:00,0,0,0,,0.0
2026-10-05 00:32:00+00:00,0,0,0,,0.0
2026-10-05 00:33:00+00:00,0,0,0,,0.0
2026-10-05 00:34:00+00:00,0,0,0,,0.0
2026-10-05 00:35:00+00:00,0,0,0,,0.0
2026-10-05 00:36:00+00:00,0,0,0,,0.0
2026-10-05 00:37:00+00:00,0,0,0,,0.0
2026-10-05 00:38:00+00:00,0,0,0,,0.0
2026-10-05 00:39:00+00:00,0,0,0,,0.0
2026-10-05 00:40:00+00:00,0,0,0,,0.0
2026-10-05 00:41:00+00:00,0,0,0,,0.0
2026-10-05 00:42:00+00:00,0,0,0,,0.0
2026-10-05 00:43:00+00:00,0,0,0,,0.0
2026-10-05 00:44:00+00:00,0,0,0,,0.0
2026-10-05 00:45:00+00:00,0,0,0,,0.0
2026-10-05 00:46:00+00:00,0,0,0,,0.0
2026-10-05 00:47:00+00:00,0,0,0,,0.0
2026-10-05 00:48:00+00:00,0,0,0,,0.0
2026-10-05 00:49:00+00:00,0,0,0,,0.0
2026-10-05 00:50:00+00:00,0,0,0,,0.0
2026-10-05 00:51:00+00:00,0,0,0,,0.0
2026-10-05 00:52:00+00:00,0,0,0,,0.0
2026-10-05 00:53:00+00:00,0,0,0,,0.0
2026-10-05 00:54:00+00:00,0,0,0,,0.0
2026-10-05 00:55:00+00:00,0,0,0,,0.0
2026-10-05 00:56:00+00:00,0,0,0,,0.0
2026-10-05 00:57:00+00:00,0,0,0,,0.0
2026-10-05 00:58:00+00:00,0,0,0,,0.0
2026-10-05 00:59:00+00:00,0,0,0,,0.0
2026-10-05 01:00:00+00:00,0,0,0,,0.0
2026-10-05 01:01:00+00:00,0,0,0,,0.0
2026-10-05 01:02:00+00:00,0,0,0,,0.0
2026-10-05 01:03:00+00:00,0,0,0,,0.0
2026-10-05 01:04:00+00:00,0,0,0,,0.0
2026-10-05 01:05:00+00:00,0,0,0,,0.0
2026-10-05 01:06:00+00:00,0,0,0,,0.0
2026-10-05 01:07:00+00:00,0,0,0,,0.0
2026-10-05 01:08:00+00:00,0,0,0,,0.0
2026-10-05 01:09:00+00:00,0,0,0,,0.0
2026-10-05 01:10:00+00:00,0,0,0,,0.0
2026-10-05 01:11:00+00:00,0,0,0,,0.0
2026-10-05 01:12:00+00:00,0,0,0,,0.0
2026-10-05 01:13:00+00:00,0,0,0,,0.0
2026-10-05 01:14:00+00:00,0,0,0,,0.0
2026-10-05 01:15:00+00:00,0,0,0,,0.0
2026-10-05 01:16:00+00:00,0,0,0,,0.0
2026-10-05 01:17:00+00:00,0,0,0,,0.0
2026-10-05 01:18:00+00:00,0,0,0,,0.0
2026-10-05 01:19:00+00:00,0,0,0,,0.0
2026-10-05 01:20:00+00:00,0,0,0,,0.0
2026-10-05 01:21:00+00:00,0,0,0,,0.0
2026-10-05 01:22:00+00:00,0,0,0,,0.0
2026-10-05 01:23:00+00:00,0,0,0,,0.0
2026-10-05 01:24:00+00:00,0,0,0,,0.0
2026-10-05 01:25:00+00:00,0,0,0,,0.0
2026-10-05 01:26:00+00:00,0,0,0,,0.0
2026-10-05 01:27:00+00:00,0,0,0,,0.0
2026-10-05 01:28:00+00:00,0,0,0,,0.0
2026-10-05 01:29:00+00:00,0,0,0,,0.0
2026-10-05 01:30:00+00:00,0,0,0,,0.0
2026-10-05 01:31:00+00:00,0,0,0,,0.0
2026-10-05 01:32:00+00:00,0,0,0,,0.0
2026-10-05 01:33:00+00:00,0,0,0,,0.0
2026-10-05 01:34:00+00:00,0,0,0,,0.0
2026-10-05 01:35:00+00:00,0,0,0,,0.0
2026-10-05 01:36:00+00:00,0,0,0,,0.0
2026-10-05 01:37:00+00:00,0,0,0,,0.0
2026-10-05 01:38:00+00:00,0,0,0,,0.0
2026-10-05 01:39:00+00:00,0,0,0,,0.0
2026-10-05 01:40:00+00:00,0,0,0,,0.0
2026-10-05 01:41:00+00:00,0,0,0,,0.0
2026-10-05 01:42:00+00:00,0,0,0,,0.0
2026-10-05 01:43:00+00:00,0,0,0,,0.0
2026-10-05 01:44:00+00:00,0,0,0,,0.0
2026-10-05 01:45:00+00:00,0,0,0,,0.0
2026-10-05 01:46:00+00:00,0,0,0,,0.0
2026-10-05 01:47:00+00:00,0,0,0,,0.0
2026-10-05 01:48:00+00:00,0,0,0,,0.0
